,cluster_nl,date,launch_date
0,BRAND_014B_COUNTRY_0309,2023-01-01,2022-04-01
1,BRAND_014B_COUNTRY_0309,2023-02-01,2022-04-01
2,BRAND_014B_COUNTRY_0309,2023-03-01,2022-04-01
3,BRAND_014B_COUNTRY_0309,2023-04-01,2022-04-01
4,BRAND_014B_COUNTRY_0309,2023-05-01,2022-04-01
5,BRAND_014B_COUNTRY_0309,2023-06-01,2022-04-01
6,BRAND_014B_COUNTRY_0309,2023-07-01,2022-04-01
7,BRAND_014B_COUNTRY_0309,2023-08-01,2022-04-01
8,BRAND_014B_COUNTRY_0309,2023-09-01,2022-04-01
9,BRAND_014B_COUNTRY_0309,2023-10-01,2022-04-01
10,BRAND_014B_COUNTRY_0309,2023-11-01,2022-04-01
11,BRAND_014B_COUNTRY_0309,2023-12-01,2022-04-01
12,BRAND_014B_COUNTRY_06E4,2023-01-01,2022-09-01
13,BRAND_014B_COUNTRY_06E4,2023-02-01,2022-09-01
14,BRAND_014B_COUNTRY_06E4,2023-03-01,2022-09-01
15,BRAND_014B_COUNTRY_06E4,2023-04-01,2022-09-01
16,BRAND_014B_COUNTRY_06E4,2023-05-01,2022-09-01
17,BRAND_014B_COUNTRY_06E4,2023-06-01,2022-09-01
18,BRAND_014B_COUNTRY_06E4,2023-07-01,2022-09-01
19,BRAND_014B_COUNTRY_06E4,2023-08-01,2022-09-01
20,BRAND_014B_COUNTRY_06E4,2023-09-01,2022-09-01
21,BRAND_014B_COUNTRY_06E4,2023-10-01,2022-09-01
22,BRAND_014B_COUNTRY_06E4,2023-11-01,2022-09-01
23,BRAND_014B_COUNTRY_06E4,2023-12-01,2022-09-01
24,BRAND_014B_COUNTRY_6C16,2023-01-01,2022-03-01
25,BRAND_014B_COUNTRY_6C16,2023-02-01,2022-03-01
26,BRAND_014B_COUNTRY_6C16,2023-03-01,2022-03-01
27,BRAND_014B_COUNTRY_6C16,2023-04-01,2022-03-01
28,BRAND_014B_COUNTRY_6C16,2023-05-01,2022-03-01
29,BRAND_014B_COUNTRY_6C16,2023-06-01,2022-03-01
30,BRAND_014B_COUNTRY_6C16,2023-07-01,2022-03-01
31,BRAND_014B_COUNTRY_6C16,2023-08-01,2022-03-01
32,BRAND_014B_COUNTRY_6C16,2023-09-01,2022-03-01
33,BRAND_014B_COUNTRY_6C16,2023-10-01,2022-03-01
34,BRAND_014B_COUNTRY_6C16,2023-11-01,2022-03-01
35,BRAND_014B_COUNTRY_6C16,2023-12-01,2022-03-01
36,BRAND_056A_COUNTRY_0309,2023-01-01,2023-01-01
37,BRAND_056A_COUNTRY_0309,2023-02-01,2023-01-01
38,BRAND_056A_COUNTRY_0309,2023-03-01,2023-01-01
39,BRAND_056A_COUNTRY_0309,2023-04-01,2023-01-01
40,BRAND_056A_COUNTRY_0309,2023-05-01,2023-01-01
41,BRAND_056A_COUNTRY_0309,2023-06-01,2023-01-01
42,BRAND_056A_COUNTRY_0309,2023-07-01,2023-01-01
43,BRAND_056A_COUNTRY_0309,2023-08-01,2023-01-01
44,BRAND_056A_COUNTRY_0309,2023-09-01,2023-01-01
45,BRAND_056A_COUNTRY_0309,2023-10-01,2023-01-01
46,BRAND_056A_COUNTRY_0309,2023-11-01,2023-01-01
47,BRAND_056A_COUNTRY_0309,2023-12-01,2023-01-01
48,BRAND_056A_COUNTRY_06E4,2023-05-01,2023-05-01
49,BRAND_056A_COUNTRY_06E4,2023-06-01,2023-05-01
50,BRAND_056A_COUNTRY_06E4,2023-07-01,2023-05-01
51,BRAND_056A_COUNTRY_06E4,2023-08-01,2023-05-01
52,BRAND_056A_COUNTRY_06E4,2023-09-01,2023-05-01
53,BRAND_056A_COUNTRY_06E4,2023-10-01,2023-05-01
54,BRAND_056A_COUNTRY_06E4,2023-11-01,2023-05-01
55,BRAND_056A_COUNTRY_06E4,2023-12-01,2023-05-01
56,BRAND_056A_COUNTRY_1007,2023-06-01,2023-06-01
57,BRAND_056A_COUNTRY_1007,2023-07-01,2023-06-01
58,BRAND_056A_COUNTRY_1007,2023-08-01,2023-06-01
59,BRAND_056A_COUNTRY_1007,2023-09-01,2023-06-01
60,BRAND_056A_COUNTRY_1007,2023-10-01,2023-06-01
61,BRAND_056A_COUNTRY_1007,2023-11-01,2023-06-01
62,BRAND_056A_COUNTRY_1007,2023-12-01,2023-06-01
63,BRAND_056A_COUNTRY_3536,2023-07-01,2023-07-01
64,BRAND_056A_COUNTRY_3536,2023-08-01,2023-07-01
65,BRAND_056A_COUNTRY_3536,2023-09-01,2023-07-01
66,BRAND_056A_COUNTRY_3536,2023-10-01,2023-07-01
67,BRAND_056A_COUNTRY_3536,2023-11-01,2023-07-01
68,BRAND_056A_COUNTRY_3536,2023-12-01,2023-07-01
69,BRAND_056A_COUNTRY_3AD0,2023-01-01,2022-08-01
70,BRAND_056A_COUNTRY_3AD0,2023-02-01,2022-08-01
71,BRAND_056A_COUNTRY_3AD0,2023-03-01,2022-08-01
72,BRAND_056A_COUNTRY_3AD0,2023-04-01,2022-08-01
73,BRAND_056A_COUNTRY_3AD0,2023-05-01,2022-08-01
74,BRAND_056A_COUNTRY_3AD0,2023-06-01,2022-08-01
75,BRAND_056A_COUNTRY_3AD0,2023-07-01,2022-08-01
76,BRAND_056A_COUNTRY_3AD0,2023-08-01,2022-08-01
77,BRAND_056A_COUNTRY_3AD0,2023-09-01,2022-08-01
78,BRAND_056A_COUNTRY_3AD0,2023-10-01,2022-08-01
79,BRAND_056A_COUNTRY_3AD0,2023-11-01,2022-08-01
80,BRAND_056A_COUNTRY_3AD0,2023-12-01,2022-08-01
81,BRAND_056A_COUNTRY_4242,2023-05-01,2023-05-01
82,BRAND_056A_COUNTRY_4242,2023-06-01,2023-05-01
83,BRAND_056A_COUNTRY_4242,2023-07-01,2023-05-01
84,BRAND_056A_COUNTRY_4242,2023-08-01,2023-05-01
85,BRAND_056A_COUNTRY_4242,2023-09-01,2023-05-01
86,BRAND_056A_COUNTRY_4242,2023-10-01,2023-05-01
87,BRAND_056A_COUNTRY_4242,2023-11-01,2023-05-01
88,BRAND_056A_COUNTRY_4242,2023-12-01,2023-05-01
89,BRAND_056A_COUNTRY_4253,2023-10-01,2023-10-01
90,BRAND_056A_COUNTRY_4253,2023-11-01,2023-10-01
91,BRAND_056A_COUNTRY_4253,2023-12-01,2023-10-01
92,BRAND_056A_COUNTRY_4442,2023-01-01,2022-09-01
93,BRAND_056A_COUNTRY_4442,2023-02-01,2022-09-01
94,BRAND_056A_COUNTRY_4442,2023-03-01,2022-09-01
95,BRAND_056A_COUNTRY_4442,2023-04-01,2022-09-01
96,BRAND_056A_COUNTRY_4442,2023-05-01,2022-09-01
97,BRAND_056A_COUNTRY_4442,2023-06-01,2022-09-01
98,BRAND_056A_COUNTRY_4442,2023-07-01,2022-09-01
99,BRAND_056A_COUNTRY_4442,2023-08-01,2022-09-01
100,BRAND_056A_COUNTRY_4442,2023-09-01,2022-09-01
101,BRAND_056A_COUNTRY_4442,2023-10-01,2022-09-01
102,BRAND_056A_COUNTRY_4442,2023-11-01,2022-09-01
103,BRAND_056A_COUNTRY_4442,2023-12-01,2022-09-01
104,BRAND_056A_COUNTRY_445D,2023-04-01,2023-04-01
105,BRAND_056A_COUNTRY_445D,2023-05-01,2023-04-01
106,BRAND_056A_COUNTRY_445D,2023-06-01,2023-04-01
107,BRAND_056A_COUNTRY_445D,2023-07-01,2023-04-01
108,BRAND_056A_COUNTRY_445D,2023-08-01,2023-04-01
109,BRAND_056A_COUNTRY_445D,2023-09-01,2023-04-01
110,BRAND_056A_COUNTRY_445D,2023-10-01,2023-04-01
111,BRAND_056A_COUNTRY_445D,2023-11-01,2023-04-01
112,BRAND_056A_COUNTRY_445D,2023-12-01,2023-04-01
113,BRAND_056A_COUNTRY_458E,2023-01-01,2022-06-01
114,BRAND_056A_COUNTRY_458E,2023-02-01,2022-06-01
115,BRAND_056A_COUNTRY_458E,2023-03-01,2022-06-01
116,BRAND_056A_COUNTRY_458E,2023-04-01,2022-06-01
117,BRAND_056A_COUNTRY_458E,2023-05-01,2022-06-01
118,BRAND_056A_COUNTRY_458E,2023-06-01,2022-06-01
119,BRAND_056A_COUNTRY_458E,2023-07-01,2022-06-01
120,BRAND_056A_COUNTRY_458E,2023-08-01,2022-06-01
121,BRAND_056A_COUNTRY_458E,2023-09-01,2022-06-01
122,BRAND_056A_COUNTRY_458E,2023-10-01,2022-06-01
123,BRAND_056A_COUNTRY_458E,2023-11-01,2022-06-01
124,BRAND_056A_COUNTRY_458E,2023-12-01,2022-06-01
125,BRAND_056A_COUNTRY_5180,2023-04-01,2023-04-01
126,BRAND_056A_COUNTRY_5180,2023-05-01,2023-04-01
127,BRAND_056A_COUNTRY_5180,2023-06-01,2023-04-01
128,BRAND_056A_COUNTRY_5180,2023-07-01,2023-04-01
129,BRAND_056A_COUNTRY_5180,2023-08-01,2023-04-01
130,BRAND_056A_COUNTRY_5180,2023-09-01,2023-04-01
131,BRAND_056A_COUNTRY_5180,2023-10-01,2023-04-01
132,BRAND_056A_COUNTRY_5180,2023-11-01,2023-04-01
133,BRAND_056A_COUNTRY_5180,2023-12-01,2023-04-01
134,BRAND_056A_COUNTRY_53A5,2023-01-01,2022-08-01
135,BRAND_056A_COUNTRY_53A5,2023-02-01,2022-08-01
136,BRAND_056A_COUNTRY_53A5,2023-03-01,2022-08-01
137,BRAND_056A_COUNTRY_53A5,2023-04-01,2022-08-01
138,BRAND_056A_COUNTRY_53A5,2023-05-01,2022-08-01
139,BRAND_056A_COUNTRY_53A5,2023-06-01,2022-08-01
140,BRAND_056A_COUNTRY_53A5,2023-07-01,2022-08-01
141,BRAND_056A_COUNTRY_53A5,2023-08-01,2022-08-01
142,BRAND_056A_COUNTRY_53A5,2023-09-01,2022-08-01
143,BRAND_056A_COUNTRY_53A5,2023-10-01,2022-08-01
144,BRAND_056A_COUNTRY_53A5,2023-11-01,2022-08-01
145,BRAND_056A_COUNTRY_53A5,2023-12-01,2022-08-01
146,BRAND_056A_COUNTRY_5A54,2023-05-01,2023-05-01
147,BRAND_056A_COUNTRY_5A54,2023-06-01,2023-05-01
148,BRAND_056A_COUNTRY_5A54,2023-07-01,2023-05-01
149,BRAND_056A_COUNTRY_5A54,2023-08-01,2023-05-01
150,BRAND_056A_COUNTRY_5A54,2023-09-01,2023-05-01
151,BRAND_056A_COUNTRY_5A54,2023-10-01,2023-05-01
152,BRAND_056A_COUNTRY_5A54,2023-11-01,2023-05-01
153,BRAND_056A_COUNTRY_5A54,2023-12-01,2023-05-01
154,BRAND_056A_COUNTRY_6B71,2023-05-01,2023-05-01
155,BRAND_056A_COUNTRY_6B71,2023-06-01,2023-05-01
156,BRAND_056A_COUNTRY_6B71,2023-07-01,2023-05-01
157,BRAND_056A_COUNTRY_6B71,2023-08-01,2023-05-01
158,BRAND_056A_COUNTRY_6B71,2023-09-01,2023-05-01
159,BRAND_056A_COUNTRY_6B71,2023-10-01,2023-05-01
160,BRAND_056A_COUNTRY_6B71,2023-11-01,2023-05-01
161,BRAND_056A_COUNTRY_6B71,2023-12-01,2023-05-01
162,BRAND_056A_COUNTRY_6C16,2023-01-01,2022-10-01
163,BRAND_056A_COUNTRY_6C16,2023-02-01,2022-10-01
164,BRAND_056A_COUNTRY_6C16,2023-03-01,2022-10-01
165,BRAND_056A_COUNTRY_6C16,2023-04-01,2022-10-01
166,BRAND_056A_COUNTRY_6C16,2023-05-01,2022-10-01
167,BRAND_056A_COUNTRY_6C16,2023-06-01,2022-10-01
168,BRAND_056A_COUNTRY_6C16,2023-07-01,2022-10-01
169,BRAND_056A_COUNTRY_6C16,2023-08-01,2022-10-01
170,BRAND_056A_COUNTRY_6C16,2023-09-01,2022-10-01
171,BRAND_056A_COUNTRY_6C16,2023-10-01,2022-10-01
172,BRAND_056A_COUNTRY_6C16,2023-11-01,2022-10-01
173,BRAND_056A_COUNTRY_6C16,2023-12-01,2022-10-01
174,BRAND_056A_COUNTRY_6F78,2023-11-01,2023-11-01
175,BRAND_056A_COUNTRY_6F78,2023-12-01,2023-11-01
176,BRAND_056A_COUNTRY_89F9,2023-02-01,2023-02-01
177,BRAND_056A_COUNTRY_89F9,2023-03-01,2023-02-01
178,BRAND_056A_COUNTRY_89F9,2023-04-01,2023-02-01
179,BRAND_056A_COUNTRY_89F9,2023-05-01,2023-02-01
180,BRAND_056A_COUNTRY_89F9,2023-06-01,2023-02-01
181,BRAND_056A_COUNTRY_89F9,2023-07-01,2023-02-01
182,BRAND_056A_COUNTRY_89F9,2023-08-01,2023-02-01
183,BRAND_056A_COUNTRY_89F9,2023-09-01,2023-02-01
184,BRAND_056A_COUNTRY_89F9,2023-10-01,2023-02-01
185,BRAND_056A_COUNTRY_89F9,2023-11-01,2023-02-01
186,BRAND_056A_COUNTRY_89F9,2023-12-01,2023-02-01
187,BRAND_056A_COUNTRY_8B47,2023-11-01,2023-11-01
188,BRAND_056A_COUNTRY_8B47,2023-12-01,2023-11-01
189,BRAND_056A_COUNTRY_907E,2023-11-01,2023-11-01
190,BRAND_056A_COUNTRY_907E,2023-12-01,2023-11-01
191,BRAND_056A_COUNTRY_9488,2023-11-01,2023-11-01
192,BRAND_056A_COUNTRY_9488,2023-12-01,2023-11-01
193,BRAND_056A_COUNTRY_9891,2023-01-01,2022-11-01
194,BRAND_056A_COUNTRY_9891,2023-02-01,2022-11-01
195,BRAND_056A_COUNTRY_9891,2023-03-01,2022-11-01
196,BRAND_056A_COUNTRY_9891,2023-04-01,2022-11-01
197,BRAND_056A_COUNTRY_9891,2023-05-01,2022-11-01
198,BRAND_056A_COUNTRY_9891,2023-06-01,2022-11-01
199,BRAND_056A_COUNTRY_9891,2023-07-01,2022-11-01
200,BRAND_056A_COUNTRY_9891,2023-08-01,2022-11-01
201,BRAND_056A_COUNTRY_9891,2023-09-01,2022-11-01
202,BRAND_056A_COUNTRY_9891,2023-10-01,2022-11-01
203,BRAND_056A_COUNTRY_9891,2023-11-01,2022-11-01
204,BRAND_056A_COUNTRY_9891,2023-12-01,2022-11-01
205,BRAND_056A_COUNTRY_A67D,2023-03-01,2023-03-01
206,BRAND_056A_COUNTRY_A67D,2023-04-01,2023-03-01
207,BRAND_056A_COUNTRY_A67D,2023-05-01,2023-03-01
208,BRAND_056A_COUNTRY_A67D,2023-06-01,2023-03-01
209,BRAND_056A_COUNTRY_A67D,2023-07-01,2023-03-01
210,BRAND_056A_COUNTRY_A67D,2023-08-01,2023-03-01
211,BRAND_056A_COUNTRY_A67D,2023-09-01,2023-03-01
212,BRAND_056A_COUNTRY_A67D,2023-10-01,2023-03-01
213,BRAND_056A_COUNTRY_A67D,2023-11-01,2023-03-01
214,BRAND_056A_COUNTRY_A67D,2023-12-01,2023-03-01
215,BRAND_056A_COUNTRY_C8F4,2023-03-01,2023-03-01
216,BRAND_056A_COUNTRY_C8F4,2023-04-01,2023-03-01
217,BRAND_056A_COUNTRY_C8F4,2023-05-01,2023-03-01
218,BRAND_056A_COUNTRY_C8F4,2023-06-01,2023-03-01
219,BRAND_056A_COUNTRY_C8F4,2023-07-01,2023-03-01
220,BRAND_056A_COUNTRY_C8F4,2023-08-01,2023-03-01
221,BRAND_056A_COUNTRY_C8F4,2023-09-01,2023-03-01
222,BRAND_056A_COUNTRY_C8F4,2023-10-01,2023-03-01
223,BRAND_056A_COUNTRY_C8F4,2023-11-01,2023-03-01
224,BRAND_056A_COUNTRY_C8F4,2023-12-01,2023-03-01
225,BRAND_056A_COUNTRY_D8B0,2023-01-01,2022-10-01
226,BRAND_056A_COUNTRY_D8B0,2023-02-01,2022-10-01
227,BRAND_056A_COUNTRY_D8B0,2023-03-01,2022-10-01
228,BRAND_056A_COUNTRY_D8B0,2023-04-01,2022-10-01
229,BRAND_056A_COUNTRY_D8B0,2023-05-01,2022-10-01
230,BRAND_056A_COUNTRY_D8B0,2023-06-01,2022-10-01
231,BRAND_056A_COUNTRY_D8B0,2023-07-01,2022-10-01
232,BRAND_056A_COUNTRY_D8B0,2023-08-01,2022-10-01
233,BRAND_056A_COUNTRY_D8B0,2023-09-01,2022-10-01
234,BRAND_056A_COUNTRY_D8B0,2023-10-01,2022-10-01
235,BRAND_056A_COUNTRY_D8B0,2023-11-01,2022-10-01
236,BRAND_056A_COUNTRY_D8B0,2023-12-01,2022-10-01
237,BRAND_056A_COUNTRY_EA71,2023-09-01,2023-09-01
238,BRAND_056A_COUNTRY_EA71,2023-10-01,2023-09-01
239,BRAND_056A_COUNTRY_EA71,2023-11-01,2023-09-01
240,BRAND_056A_COUNTRY_EA71,2023-12-01,2023-09-01
241,BRAND_056A_COUNTRY_EF33,2023-08-01,2023-08-01
242,BRAND_056A_COUNTRY_EF33,2023-09-01,2023-08-01
243,BRAND_056A_COUNTRY_EF33,2023-10-01,2023-08-01
244,BRAND_056A_COUNTRY_EF33,2023-11-01,2023-08-01
245,BRAND_056A_COUNTRY_EF33,2023-12-01,2023-08-01
246,BRAND_106A_COUNTRY_E319,2023-01-01,2022-12-01
247,BRAND_106A_COUNTRY_E319,2023-02-01,2022-12-01
248,BRAND_106A_COUNTRY_E319,2023-03-01,2022-12-01
249,BRAND_106A_COUNTRY_E319,2023-04-01,2022-12-01
250,BRAND_106A_COUNTRY_E319,2023-05-01,2022-12-01
251,BRAND_106A_COUNTRY_E319,2023-06-01,2022-12-01
252,BRAND_106A_COUNTRY_E319,2023-07-01,2022-12-01
253,BRAND_106A_COUNTRY_E319,2023-08-01,2022-12-01
254,BRAND_106A_COUNTRY_E319,2023-09-01,2022-12-01
255,BRAND_106A_COUNTRY_E319,2023-10-01,2022-12-01
256,BRAND_106A_COUNTRY_E319,2023-11-01,2022-12-01
257,BRAND_106A_COUNTRY_E319,2023-12-01,2022-12-01
258,BRAND_12B2_COUNTRY_AE54,2023-01-01,2022-03-01
259,BRAND_12B2_COUNTRY_AE54,2023-02-01,2022-03-01
260,BRAND_12B2_COUNTRY_AE54,2023-03-01,2022-03-01
261,BRAND_12B2_COUNTRY_AE54,2023-04-01,2022-03-01
262,BRAND_12B2_COUNTRY_AE54,2023-05-01,2022-03-01
263,BRAND_12B2_COUNTRY_AE54,2023-06-01,2022-03-01
264,BRAND_12B2_COUNTRY_AE54,2023-07-01,2022-03-01
265,BRAND_12B2_COUNTRY_AE54,2023-08-01,2022-03-01
266,BRAND_12B2_COUNTRY_AE54,2023-09-01,2022-03-01
267,BRAND_12B2_COUNTRY_AE54,2023-10-01,2022-03-01
268,BRAND_12B2_COUNTRY_AE54,2023-11-01,2022-03-01
269,BRAND_12B2_COUNTRY_AE54,2023-12-01,2022-03-01
270,BRAND_138D_COUNTRY_5FEB,2023-11-01,2023-11-01
271,BRAND_138D_COUNTRY_5FEB,2023-12-01,2023-11-01
272,BRAND_1E6F_COUNTRY_4647,2023-01-01,2022-05-01
273,BRAND_1E6F_COUNTRY_4647,2023-02-01,2022-05-01
274,BRAND_1E6F_COUNTRY_4647,2023-03-01,2022-05-01
275,BRAND_1E6F_COUNTRY_4647,2023-04-01,2022-05-01
276,BRAND_1E6F_COUNTRY_4647,2023-05-01,2022-05-01
277,BRAND_1E6F_COUNTRY_4647,2023-06-01,2022-05-01
278,BRAND_1E6F_COUNTRY_4647,2023-07-01,2022-05-01
279,BRAND_1E6F_COUNTRY_4647,2023-08-01,2022-05-01
280,BRAND_1E6F_COUNTRY_4647,2023-09-01,2022-05-01
281,BRAND_1E6F_COUNTRY_4647,2023-10-01,2022-05-01
282,BRAND_1E6F_COUNTRY_4647,2023-11-01,2022-05-01
283,BRAND_1E6F_COUNTRY_4647,2023-12-01,2022-05-01
284,BRAND_1E6F_COUNTRY_AE54,2023-01-01,2022-01-01
285,BRAND_1E6F_COUNTRY_AE54,2023-02-01,2022-01-01
286,BRAND_1E6F_COUNTRY_AE54,2023-03-01,2022-01-01
287,BRAND_1E6F_COUNTRY_AE54,2023-04-01,2022-01-01
288,BRAND_1E6F_COUNTRY_AE54,2023-05-01,2022-01-01
289,BRAND_1E6F_COUNTRY_AE54,2023-06-01,2022-01-01
290,BRAND_1E6F_COUNTRY_AE54,2023-07-01,2022-01-01
291,BRAND_1E6F_COUNTRY_AE54,2023-08-01,2022-01-01
292,BRAND_1E6F_COUNTRY_AE54,2023-09-01,2022-01-01
293,BRAND_1E6F_COUNTRY_AE54,2023-10-01,2022-01-01
294,BRAND_1E6F_COUNTRY_AE54,2023-11-01,2022-01-01
295,BRAND_1E6F_COUNTRY_AE54,2023-12-01,2022-01-01
296,BRAND_248D_COUNTRY_907E,2023-11-01,2023-11-01
297,BRAND_248D_COUNTRY_907E,2023-12-01,2023-11-01
298,BRAND_248D_COUNTRY_C89B,2023-03-01,2023-03-01
299,BRAND_248D_COUNTRY_C89B,2023-04-01,2023-03-01
300,BRAND_248D_COUNTRY_C89B,2023-05-01,2023-03-01
301,BRAND_248D_COUNTRY_C89B,2023-06-01,2023-03-01
302,BRAND_248D_COUNTRY_C89B,2023-07-01,2023-03-01
303,BRAND_248D_COUNTRY_C89B,2023-08-01,2023-03-01
304,BRAND_248D_COUNTRY_C89B,2023-09-01,2023-03-01
305,BRAND_248D_COUNTRY_C89B,2023-10-01,2023-03-01
306,BRAND_248D_COUNTRY_C89B,2023-11-01,2023-03-01
307,BRAND_248D_COUNTRY_C89B,2023-12-01,2023-03-01
308,BRAND_248D_COUNTRY_EA71,2023-01-01,2022-08-01
309,BRAND_248D_COUNTRY_EA71,2023-02-01,2022-08-01
310,BRAND_248D_COUNTRY_EA71,2023-03-01,2022-08-01
311,BRAND_248D_COUNTRY_EA71,2023-04-01,2022-08-01
312,BRAND_248D_COUNTRY_EA71,2023-05-01,2022-08-01
313,BRAND_248D_COUNTRY_EA71,2023-06-01,2022-08-01
314,BRAND_248D_COUNTRY_EA71,2023-07-01,2022-08-01
315,BRAND_248D_COUNTRY_EA71,2023-08-01,2022-08-01
316,BRAND_248D_COUNTRY_EA71,2023-09-01,2022-08-01
317,BRAND_248D_COUNTRY_EA71,2023-10-01,2022-08-01
318,BRAND_248D_COUNTRY_EA71,2023-11-01,2022-08-01
319,BRAND_248D_COUNTRY_EA71,2023-12-01,2022-08-01
320,BRAND_267B_COUNTRY_0C7D,2023-01-01,2022-01-01
321,BRAND_267B_COUNTRY_0C7D,2023-02-01,2022-01-01
322,BRAND_267B_COUNTRY_0C7D,2023-03-01,2022-01-01
323,BRAND_267B_COUNTRY_0C7D,2023-04-01,2022-01-01
324,BRAND_267B_COUNTRY_0C7D,2023-05-01,2022-01-01
325,BRAND_267B_COUNTRY_0C7D,2023-06-01,2022-01-01
326,BRAND_267B_COUNTRY_0C7D,2023-07-01,2022-01-01
327,BRAND_267B_COUNTRY_0C7D,2023-08-01,2022-01-01
328,BRAND_267B_COUNTRY_0C7D,2023-09-01,2022-01-01
329,BRAND_267B_COUNTRY_0C7D,2023-10-01,2022-01-01
330,BRAND_267B_COUNTRY_0C7D,2023-11-01,2022-01-01
331,BRAND_267B_COUNTRY_0C7D,2023-12-01,2022-01-01
332,BRAND_267B_COUNTRY_9488,2023-01-01,2022-01-01
333,BRAND_267B_COUNTRY_9488,2023-02-01,2022-01-01
334,BRAND_267B_COUNTRY_9488,2023-03-01,2022-01-01
335,BRAND_267B_COUNTRY_9488,2023-04-01,2022-01-01
336,BRAND_267B_COUNTRY_9488,2023-05-01,2022-01-01
337,BRAND_267B_COUNTRY_9488,2023-06-01,2022-01-01
338,BRAND_267B_COUNTRY_9488,2023-07-01,2022-01-01
339,BRAND_267B_COUNTRY_9488,2023-08-01,2022-01-01
340,BRAND_267B_COUNTRY_9488,2023-09-01,2022-01-01
341,BRAND_267B_COUNTRY_9488,2023-10-01,2022-01-01
342,BRAND_267B_COUNTRY_9488,2023-11-01,2022-01-01
343,BRAND_267B_COUNTRY_9488,2023-12-01,2022-01-01
344,BRAND_29F9_COUNTRY_5FEB,2023-01-01,2022-01-01
345,BRAND_29F9_COUNTRY_5FEB,2023-02-01,2022-01-01
346,BRAND_29F9_COUNTRY_5FEB,2023-03-01,2022-01-01
347,BRAND_29F9_COUNTRY_5FEB,2023-04-01,2022-01-01
348,BRAND_29F9_COUNTRY_5FEB,2023-05-01,2022-01-01
349,BRAND_29F9_COUNTRY_5FEB,2023-06-01,2022-01-01
350,BRAND_29F9_COUNTRY_5FEB,2023-07-01,2022-01-01
351,BRAND_29F9_COUNTRY_5FEB,2023-08-01,2022-01-01
352,BRAND_29F9_COUNTRY_5FEB,2023-09-01,2022-01-01
353,BRAND_29F9_COUNTRY_5FEB,2023-10-01,2022-01-01
354,BRAND_29F9_COUNTRY_5FEB,2023-11-01,2022-01-01
355,BRAND_29F9_COUNTRY_5FEB,2023-12-01,2022-01-01
356,BRAND_2D13_COUNTRY_0C7D,2023-01-01,2022-11-01
357,BRAND_2D13_COUNTRY_0C7D,2023-02-01,2022-11-01
358,BRAND_2D13_COUNTRY_0C7D,2023-03-01,2022-11-01
359,BRAND_2D13_COUNTRY_0C7D,2023-04-01,2022-11-01
360,BRAND_2D13_COUNTRY_0C7D,2023-05-01,2022-11-01
361,BRAND_2D13_COUNTRY_0C7D,2023-06-01,2022-11-01
362,BRAND_2D13_COUNTRY_0C7D,2023-07-01,2022-11-01
363,BRAND_2D13_COUNTRY_0C7D,2023-08-01,2022-11-01
364,BRAND_2D13_COUNTRY_0C7D,2023-09-01,2022-11-01
365,BRAND_2D13_COUNTRY_0C7D,2023-10-01,2022-11-01
366,BRAND_2D13_COUNTRY_0C7D,2023-11-01,2022-11-01
367,BRAND_2D13_COUNTRY_0C7D,2023-12-01,2022-11-01
368,BRAND_3938_COUNTRY_5A54,2023-09-01,2023-09-01
369,BRAND_3938_COUNTRY_5A54,2023-10-01,2023-09-01
370,BRAND_3938_COUNTRY_5A54,2023-11-01,2023-09-01
371,BRAND_3938_COUNTRY_5A54,2023-12-01,2023-09-01
372,BRAND_3938_COUNTRY_907E,2023-01-01,2022-12-01
373,BRAND_3938_COUNTRY_907E,2023-02-01,2022-12-01
374,BRAND_3938_COUNTRY_907E,2023-03-01,2022-12-01
375,BRAND_3938_COUNTRY_907E,2023-04-01,2022-12-01
376,BRAND_3938_COUNTRY_907E,2023-05-01,2022-12-01
377,BRAND_3938_COUNTRY_907E,2023-06-01,2022-12-01
378,BRAND_3938_COUNTRY_907E,2023-07-01,2022-12-01
379,BRAND_3938_COUNTRY_907E,2023-08-01,2022-12-01
380,BRAND_3938_COUNTRY_907E,2023-09-01,2022-12-01
381,BRAND_3938_COUNTRY_907E,2023-10-01,2022-12-01
382,BRAND_3938_COUNTRY_907E,2023-11-01,2022-12-01
383,BRAND_3938_COUNTRY_907E,2023-12-01,2022-12-01
384,BRAND_3CEB_COUNTRY_7D31,2023-01-01,2022-02-01
385,BRAND_3CEB_COUNTRY_7D31,2023-02-01,2022-02-01
386,BRAND_3CEB_COUNTRY_7D31,2023-03-01,2022-02-01
387,BRAND_3CEB_COUNTRY_7D31,2023-04-01,2022-02-01
388,BRAND_3CEB_COUNTRY_7D31,2023-05-01,2022-02-01
389,BRAND_3CEB_COUNTRY_7D31,2023-06-01,2022-02-01
390,BRAND_3CEB_COUNTRY_7D31,2023-07-01,2022-02-01
391,BRAND_3CEB_COUNTRY_7D31,2023-08-01,2022-02-01
392,BRAND_3CEB_COUNTRY_7D31,2023-09-01,2022-02-01
393,BRAND_3CEB_COUNTRY_7D31,2023-10-01,2022-02-01
394,BRAND_3CEB_COUNTRY_7D31,2023-11-01,2022-02-01
395,BRAND_3CEB_COUNTRY_7D31,2023-12-01,2022-02-01
396,BRAND_417D_COUNTRY_B6AE,2023-12-01,2023-09-01
397,BRAND_4710_COUNTRY_5FEB,2023-01-01,2022-12-01
398,BRAND_4710_COUNTRY_5FEB,2023-02-01,2022-12-01
399,BRAND_4710_COUNTRY_5FEB,2023-03-01,2022-12-01
400,BRAND_4710_COUNTRY_5FEB,2023-04-01,2022-12-01
401,BRAND_4710_COUNTRY_5FEB,2023-05-01,2022-12-01
402,BRAND_4710_COUNTRY_5FEB,2023-06-01,2022-12-01
403,BRAND_4710_COUNTRY_5FEB,2023-07-01,2022-12-01
404,BRAND_4710_COUNTRY_5FEB,2023-08-01,2022-12-01
405,BRAND_4710_COUNTRY_5FEB,2023-09-01,2022-12-01
406,BRAND_4710_COUNTRY_5FEB,2023-10-01,2022-12-01
407,BRAND_4710_COUNTRY_5FEB,2023-11-01,2022-12-01
408,BRAND_4710_COUNTRY_5FEB,2023-12-01,2022-12-01
409,BRAND_4888_COUNTRY_AE54,2023-01-01,2022-02-01
410,BRAND_4888_COUNTRY_AE54,2023-02-01,2022-02-01
411,BRAND_4888_COUNTRY_AE54,2023-03-01,2022-02-01
412,BRAND_4888_COUNTRY_AE54,2023-04-01,2022-02-01
413,BRAND_4888_COUNTRY_AE54,2023-05-01,2022-02-01
414,BRAND_4888_COUNTRY_AE54,2023-06-01,2022-02-01
415,BRAND_4888_COUNTRY_AE54,2023-07-01,2022-02-01
416,BRAND_4888_COUNTRY_AE54,2023-08-01,2022-02-01
417,BRAND_4888_COUNTRY_AE54,2023-09-01,2022-02-01
418,BRAND_4888_COUNTRY_AE54,2023-10-01,2022-02-01
419,BRAND_4888_COUNTRY_AE54,2023-11-01,2022-02-01
420,BRAND_4888_COUNTRY_AE54,2023-12-01,2022-02-01
421,BRAND_4F19_COUNTRY_5FEB,2023-01-01,2022-01-01
422,BRAND_4F19_COUNTRY_5FEB,2023-02-01,2022-01-01
423,BRAND_4F19_COUNTRY_5FEB,2023-03-01,2022-01-01
424,BRAND_4F19_COUNTRY_5FEB,2023-04-01,2022-01-01
425,BRAND_4F19_COUNTRY_5FEB,2023-05-01,2022-01-01
426,BRAND_4F19_COUNTRY_5FEB,2023-06-01,2022-01-01
427,BRAND_4F19_COUNTRY_5FEB,2023-07-01,2022-01-01
428,BRAND_4F19_COUNTRY_5FEB,2023-08-01,2022-01-01
429,BRAND_4F19_COUNTRY_5FEB,2023-09-01,2022-01-01
430,BRAND_4F19_COUNTRY_5FEB,2023-10-01,2022-01-01
431,BRAND_4F19_COUNTRY_5FEB,2023-11-01,2022-01-01
432,BRAND_4F19_COUNTRY_5FEB,2023-12-01,2022-01-01
433,BRAND_599D_COUNTRY_C51E,2023-01-01,2022-02-01
434,BRAND_599D_COUNTRY_C51E,2023-02-01,2022-02-01
435,BRAND_599D_COUNTRY_C51E,2023-03-01,2022-02-01
436,BRAND_599D_COUNTRY_C51E,2023-04-01,2022-02-01
437,BRAND_599D_COUNTRY_C51E,2023-05-01,2022-02-01
438,BRAND_599D_COUNTRY_C51E,2023-06-01,2022-02-01
439,BRAND_599D_COUNTRY_C51E,2023-07-01,2022-02-01
440,BRAND_599D_COUNTRY_C51E,2023-08-01,2022-02-01
441,BRAND_599D_COUNTRY_C51E,2023-09-01,2022-02-01
442,BRAND_599D_COUNTRY_C51E,2023-10-01,2022-02-01
443,BRAND_599D_COUNTRY_C51E,2023-11-01,2022-02-01
444,BRAND_599D_COUNTRY_C51E,2023-12-01,2022-02-01
445,BRAND_5E80_COUNTRY_4D48,2023-02-01,2023-02-01
446,BRAND_5E80_COUNTRY_4D48,2023-03-01,2023-02-01
447,BRAND_5E80_COUNTRY_4D48,2023-04-01,2023-02-01
448,BRAND_5E80_COUNTRY_4D48,2023-05-01,2023-02-01
449,BRAND_5E80_COUNTRY_4D48,2023-06-01,2023-02-01
450,BRAND_5E80_COUNTRY_4D48,2023-07-01,2023-02-01
451,BRAND_5E80_COUNTRY_4D48,2023-08-01,2023-02-01
452,BRAND_5E80_COUNTRY_4D48,2023-09-01,2023-02-01
453,BRAND_5E80_COUNTRY_4D48,2023-10-01,2023-02-01
454,BRAND_5E80_COUNTRY_4D48,2023-11-01,2023-02-01
455,BRAND_5E80_COUNTRY_4D48,2023-12-01,2023-02-01
456,BRAND_60F2_COUNTRY_C89B,2023-01-01,2022-03-01
457,BRAND_60F2_COUNTRY_C89B,2023-02-01,2022-03-01
458,BRAND_60F2_COUNTRY_C89B,2023-03-01,2022-03-01
459,BRAND_60F2_COUNTRY_C89B,2023-04-01,2022-03-01
460,BRAND_60F2_COUNTRY_C89B,2023-05-01,2022-03-01
461,BRAND_60F2_COUNTRY_C89B,2023-06-01,2022-03-01
462,BRAND_60F2_COUNTRY_C89B,2023-07-01,2022-03-01
463,BRAND_60F2_COUNTRY_C89B,2023-08-01,2022-03-01
464,BRAND_60F2_COUNTRY_C89B,2023-09-01,2022-03-01
465,BRAND_60F2_COUNTRY_C89B,2023-10-01,2022-03-01
466,BRAND_60F2_COUNTRY_C89B,2023-11-01,2022-03-01
467,BRAND_60F2_COUNTRY_C89B,2023-12-01,2022-03-01
468,BRAND_6200_COUNTRY_9488,2023-01-01,2022-05-01
469,BRAND_6200_COUNTRY_9488,2023-02-01,2022-05-01
470,BRAND_6200_COUNTRY_9488,2023-03-01,2022-05-01
471,BRAND_6200_COUNTRY_9488,2023-04-01,2022-05-01
472,BRAND_6200_COUNTRY_9488,2023-05-01,2022-05-01
473,BRAND_6200_COUNTRY_9488,2023-06-01,2022-05-01
474,BRAND_6200_COUNTRY_9488,2023-07-01,2022-05-01
475,BRAND_6200_COUNTRY_9488,2023-08-01,2022-05-01
476,BRAND_6200_COUNTRY_9488,2023-09-01,2022-05-01
477,BRAND_6200_COUNTRY_9488,2023-10-01,2022-05-01
478,BRAND_6200_COUNTRY_9488,2023-11-01,2022-05-01
479,BRAND_6200_COUNTRY_9488,2023-12-01,2022-05-01
480,BRAND_6646_COUNTRY_5FEB,2023-01-01,2022-02-01
481,BRAND_6646_COUNTRY_5FEB,2023-02-01,2022-02-01
482,BRAND_6646_COUNTRY_5FEB,2023-03-01,2022-02-01
483,BRAND_6646_COUNTRY_5FEB,2023-04-01,2022-02-01
484,BRAND_6646_COUNTRY_5FEB,2023-05-01,2022-02-01
485,BRAND_6646_COUNTRY_5FEB,2023-06-01,2022-02-01
486,BRAND_6646_COUNTRY_5FEB,2023-07-01,2022-02-01
487,BRAND_6646_COUNTRY_5FEB,2023-08-01,2022-02-01
488,BRAND_6646_COUNTRY_5FEB,2023-09-01,2022-02-01
489,BRAND_6646_COUNTRY_5FEB,2023-10-01,2022-02-01
490,BRAND_6646_COUNTRY_5FEB,2023-11-01,2022-02-01
491,BRAND_6646_COUNTRY_5FEB,2023-12-01,2022-02-01
492,BRAND_7065_COUNTRY_9488,2023-01-01,2022-01-01
493,BRAND_7065_COUNTRY_9488,2023-02-01,2022-01-01
494,BRAND_7065_COUNTRY_9488,2023-03-01,2022-01-01
495,BRAND_7065_COUNTRY_9488,2023-04-01,2022-01-01
496,BRAND_7065_COUNTRY_9488,2023-05-01,2022-01-01
497,BRAND_7065_COUNTRY_9488,2023-06-01,2022-01-01
498,BRAND_7065_COUNTRY_9488,2023-07-01,2022-01-01
499,BRAND_7065_COUNTRY_9488,2023-08-01,2022-01-01
500,BRAND_7065_COUNTRY_9488,2023-09-01,2022-01-01
501,BRAND_7065_COUNTRY_9488,2023-10-01,2022-01-01
502,BRAND_7065_COUNTRY_9488,2023-11-01,2022-01-01
503,BRAND_7065_COUNTRY_9488,2023-12-01,2022-01-01
504,BRAND_7250_COUNTRY_53A5,2023-11-01,2023-11-01
505,BRAND_7250_COUNTRY_53A5,2023-12-01,2023-11-01
506,BRAND_7250_COUNTRY_D8B0,2023-06-01,2023-06-01
507,BRAND_7250_COUNTRY_D8B0,2023-07-01,2023-06-01
508,BRAND_7250_COUNTRY_D8B0,2023-08-01,2023-06-01
509,BRAND_7250_COUNTRY_D8B0,2023-09-01,2023-06-01
510,BRAND_7250_COUNTRY_D8B0,2023-10-01,2023-06-01
511,BRAND_7250_COUNTRY_D8B0,2023-11-01,2023-06-01
512,BRAND_7250_COUNTRY_D8B0,2023-12-01,2023-06-01
513,BRAND_72DA_COUNTRY_B6AE,2023-09-01,2023-09-01
514,BRAND_72DA_COUNTRY_B6AE,2023-10-01,2023-09-01
515,BRAND_72DA_COUNTRY_B6AE,2023-11-01,2023-09-01
516,BRAND_740F_COUNTRY_0309,2023-01-01,2022-05-01
517,BRAND_740F_COUNTRY_0309,2023-02-01,2022-05-01
518,BRAND_740F_COUNTRY_0309,2023-03-01,2022-05-01
519,BRAND_740F_COUNTRY_0309,2023-04-01,2022-05-01
520,BRAND_740F_COUNTRY_0309,2023-05-01,2022-05-01
521,BRAND_740F_COUNTRY_0309,2023-06-01,2022-05-01
522,BRAND_740F_COUNTRY_0309,2023-07-01,2022-05-01
523,BRAND_740F_COUNTRY_0309,2023-08-01,2022-05-01
524,BRAND_740F_COUNTRY_0309,2023-09-01,2022-05-01
525,BRAND_740F_COUNTRY_0309,2023-10-01,2022-05-01
526,BRAND_740F_COUNTRY_0309,2023-11-01,2022-05-01
527,BRAND_740F_COUNTRY_0309,2023-12-01,2022-05-01
528,BRAND_740F_COUNTRY_06E4,2023-01-01,2022-05-01
529,BRAND_740F_COUNTRY_06E4,2023-02-01,2022-05-01
530,BRAND_740F_COUNTRY_06E4,2023-03-01,2022-05-01
531,BRAND_740F_COUNTRY_06E4,2023-04-01,2022-05-01
532,BRAND_740F_COUNTRY_06E4,2023-05-01,2022-05-01
533,BRAND_740F_COUNTRY_06E4,2023-06-01,2022-05-01
534,BRAND_740F_COUNTRY_06E4,2023-07-01,2022-05-01
535,BRAND_740F_COUNTRY_06E4,2023-08-01,2022-05-01
536,BRAND_740F_COUNTRY_06E4,2023-09-01,2022-05-01
537,BRAND_740F_COUNTRY_06E4,2023-10-01,2022-05-01
538,BRAND_740F_COUNTRY_06E4,2023-11-01,2022-05-01
539,BRAND_740F_COUNTRY_06E4,2023-12-01,2022-05-01
540,BRAND_740F_COUNTRY_3AD0,2023-01-01,2022-01-01
541,BRAND_740F_COUNTRY_3AD0,2023-02-01,2022-01-01
542,BRAND_740F_COUNTRY_3AD0,2023-03-01,2022-01-01
543,BRAND_740F_COUNTRY_3AD0,2023-04-01,2022-01-01
544,BRAND_740F_COUNTRY_3AD0,2023-05-01,2022-01-01
545,BRAND_740F_COUNTRY_3AD0,2023-06-01,2022-01-01
546,BRAND_740F_COUNTRY_3AD0,2023-07-01,2022-01-01
547,BRAND_740F_COUNTRY_3AD0,2023-08-01,2022-01-01
548,BRAND_740F_COUNTRY_3AD0,2023-09-01,2022-01-01
549,BRAND_740F_COUNTRY_3AD0,2023-10-01,2022-01-01
550,BRAND_740F_COUNTRY_3AD0,2023-11-01,2022-01-01
551,BRAND_740F_COUNTRY_3AD0,2023-12-01,2022-01-01
552,BRAND_740F_COUNTRY_4D48,2023-01-01,2022-09-01
553,BRAND_740F_COUNTRY_4D48,2023-02-01,2022-09-01
554,BRAND_740F_COUNTRY_4D48,2023-03-01,2022-09-01
555,BRAND_740F_COUNTRY_4D48,2023-04-01,2022-09-01
556,BRAND_740F_COUNTRY_4D48,2023-05-01,2022-09-01
557,BRAND_740F_COUNTRY_4D48,2023-06-01,2022-09-01
558,BRAND_740F_COUNTRY_4D48,2023-07-01,2022-09-01
559,BRAND_740F_COUNTRY_4D48,2023-08-01,2022-09-01
560,BRAND_740F_COUNTRY_4D48,2023-09-01,2022-09-01
561,BRAND_740F_COUNTRY_4D48,2023-10-01,2022-09-01
562,BRAND_740F_COUNTRY_4D48,2023-11-01,2022-09-01
563,BRAND_740F_COUNTRY_4D48,2023-12-01,2022-09-01
564,BRAND_740F_COUNTRY_5180,2023-01-01,2022-04-01
565,BRAND_740F_COUNTRY_5180,2023-02-01,2022-04-01
566,BRAND_740F_COUNTRY_5180,2023-03-01,2022-04-01
567,BRAND_740F_COUNTRY_5180,2023-04-01,2022-04-01
568,BRAND_740F_COUNTRY_5180,2023-05-01,2022-04-01
569,BRAND_740F_COUNTRY_5180,2023-06-01,2022-04-01
570,BRAND_740F_COUNTRY_5180,2023-07-01,2022-04-01
571,BRAND_740F_COUNTRY_5180,2023-08-01,2022-04-01
572,BRAND_740F_COUNTRY_5180,2023-09-01,2022-04-01
573,BRAND_740F_COUNTRY_5180,2023-10-01,2022-04-01
574,BRAND_740F_COUNTRY_5180,2023-11-01,2022-04-01
575,BRAND_740F_COUNTRY_5180,2023-12-01,2022-04-01
576,BRAND_740F_COUNTRY_53A5,2023-01-01,2022-07-01
577,BRAND_740F_COUNTRY_53A5,2023-02-01,2022-07-01
578,BRAND_740F_COUNTRY_53A5,2023-03-01,2022-07-01
579,BRAND_740F_COUNTRY_53A5,2023-04-01,2022-07-01
580,BRAND_740F_COUNTRY_53A5,2023-05-01,2022-07-01
581,BRAND_740F_COUNTRY_53A5,2023-06-01,2022-07-01
582,BRAND_740F_COUNTRY_53A5,2023-07-01,2022-07-01
583,BRAND_740F_COUNTRY_53A5,2023-08-01,2022-07-01
584,BRAND_740F_COUNTRY_53A5,2023-09-01,2022-07-01
585,BRAND_740F_COUNTRY_53A5,2023-10-01,2022-07-01
586,BRAND_740F_COUNTRY_53A5,2023-11-01,2022-07-01
587,BRAND_740F_COUNTRY_53A5,2023-12-01,2022-07-01
588,BRAND_740F_COUNTRY_6C16,2023-01-01,2022-06-01
589,BRAND_740F_COUNTRY_6C16,2023-02-01,2022-06-01
590,BRAND_740F_COUNTRY_6C16,2023-03-01,2022-06-01
591,BRAND_740F_COUNTRY_6C16,2023-04-01,2022-06-01
592,BRAND_740F_COUNTRY_6C16,2023-05-01,2022-06-01
593,BRAND_740F_COUNTRY_6C16,2023-06-01,2022-06-01
594,BRAND_740F_COUNTRY_6C16,2023-07-01,2022-06-01
595,BRAND_740F_COUNTRY_6C16,2023-08-01,2022-06-01
596,BRAND_740F_COUNTRY_6C16,2023-09-01,2022-06-01
597,BRAND_740F_COUNTRY_6C16,2023-10-01,2022-06-01
598,BRAND_740F_COUNTRY_6C16,2023-11-01,2022-06-01
599,BRAND_740F_COUNTRY_6C16,2023-12-01,2022-06-01
600,BRAND_740F_COUNTRY_6F78,2023-08-01,2023-08-01
601,BRAND_740F_COUNTRY_6F78,2023-09-01,2023-08-01
602,BRAND_740F_COUNTRY_6F78,2023-10-01,2023-08-01
603,BRAND_740F_COUNTRY_6F78,2023-11-01,2023-08-01
604,BRAND_740F_COUNTRY_6F78,2023-12-01,2023-08-01
605,BRAND_740F_COUNTRY_88A3,2023-01-01,2022-06-01
606,BRAND_740F_COUNTRY_88A3,2023-02-01,2022-06-01
607,BRAND_740F_COUNTRY_88A3,2023-03-01,2022-06-01
608,BRAND_740F_COUNTRY_88A3,2023-04-01,2022-06-01
609,BRAND_740F_COUNTRY_88A3,2023-05-01,2022-06-01
610,BRAND_740F_COUNTRY_88A3,2023-06-01,2022-06-01
611,BRAND_740F_COUNTRY_88A3,2023-07-01,2022-06-01
612,BRAND_740F_COUNTRY_88A3,2023-08-01,2022-06-01
613,BRAND_740F_COUNTRY_88A3,2023-09-01,2022-06-01
614,BRAND_740F_COUNTRY_88A3,2023-10-01,2022-06-01
615,BRAND_740F_COUNTRY_88A3,2023-11-01,2022-06-01
616,BRAND_740F_COUNTRY_88A3,2023-12-01,2022-06-01
617,BRAND_740F_COUNTRY_8B47,2023-01-01,2022-12-01
618,BRAND_740F_COUNTRY_8B47,2023-02-01,2022-12-01
619,BRAND_740F_COUNTRY_8B47,2023-03-01,2022-12-01
620,BRAND_740F_COUNTRY_8B47,2023-04-01,2022-12-01
621,BRAND_740F_COUNTRY_8B47,2023-05-01,2022-12-01
622,BRAND_740F_COUNTRY_8B47,2023-06-01,2022-12-01
623,BRAND_740F_COUNTRY_8B47,2023-07-01,2022-12-01
624,BRAND_740F_COUNTRY_8B47,2023-08-01,2022-12-01
625,BRAND_740F_COUNTRY_8B47,2023-09-01,2022-12-01
626,BRAND_740F_COUNTRY_8B47,2023-10-01,2022-12-01
627,BRAND_740F_COUNTRY_8B47,2023-11-01,2022-12-01
628,BRAND_740F_COUNTRY_8B47,2023-12-01,2022-12-01
629,BRAND_740F_COUNTRY_9488,2023-04-01,2023-04-01
630,BRAND_740F_COUNTRY_9488,2023-05-01,2023-04-01
631,BRAND_740F_COUNTRY_9488,2023-06-01,2023-04-01
632,BRAND_740F_COUNTRY_9488,2023-07-01,2023-04-01
633,BRAND_740F_COUNTRY_9488,2023-08-01,2023-04-01
634,BRAND_740F_COUNTRY_9488,2023-09-01,2023-04-01
635,BRAND_740F_COUNTRY_9488,2023-10-01,2023-04-01
636,BRAND_740F_COUNTRY_9488,2023-11-01,2023-04-01
637,BRAND_740F_COUNTRY_9488,2023-12-01,2023-04-01
638,BRAND_740F_COUNTRY_9891,2023-01-01,2022-06-01
639,BRAND_740F_COUNTRY_9891,2023-02-01,2022-06-01
640,BRAND_740F_COUNTRY_9891,2023-03-01,2022-06-01
641,BRAND_740F_COUNTRY_9891,2023-04-01,2022-06-01
642,BRAND_740F_COUNTRY_9891,2023-05-01,2022-06-01
643,BRAND_740F_COUNTRY_9891,2023-06-01,2022-06-01
644,BRAND_740F_COUNTRY_9891,2023-07-01,2022-06-01
645,BRAND_740F_COUNTRY_9891,2023-08-01,2022-06-01
646,BRAND_740F_COUNTRY_9891,2023-09-01,2022-06-01
647,BRAND_740F_COUNTRY_9891,2023-10-01,2022-06-01
648,BRAND_740F_COUNTRY_9891,2023-11-01,2022-06-01
649,BRAND_740F_COUNTRY_9891,2023-12-01,2022-06-01
650,BRAND_740F_COUNTRY_FA79,2023-11-01,2023-11-01
651,BRAND_740F_COUNTRY_FA79,2023-12-01,2023-11-01
652,BRAND_76D6_COUNTRY_AE54,2023-01-01,2022-10-01
653,BRAND_76D6_COUNTRY_AE54,2023-02-01,2022-10-01
654,BRAND_76D6_COUNTRY_AE54,2023-03-01,2022-10-01
655,BRAND_76D6_COUNTRY_AE54,2023-04-01,2022-10-01
656,BRAND_76D6_COUNTRY_AE54,2023-05-01,2022-10-01
657,BRAND_76D6_COUNTRY_AE54,2023-06-01,2022-10-01
658,BRAND_76D6_COUNTRY_AE54,2023-07-01,2022-10-01
659,BRAND_76D6_COUNTRY_AE54,2023-08-01,2022-10-01
660,BRAND_76D6_COUNTRY_AE54,2023-09-01,2022-10-01
661,BRAND_76D6_COUNTRY_AE54,2023-10-01,2022-10-01
662,BRAND_76D6_COUNTRY_AE54,2023-11-01,2022-10-01
663,BRAND_76D6_COUNTRY_AE54,2023-12-01,2022-10-01
664,BRAND_7BEC_COUNTRY_4253,2023-05-01,2023-05-01
665,BRAND_7BEC_COUNTRY_4253,2023-06-01,2023-05-01
666,BRAND_7BEC_COUNTRY_4253,2023-07-01,2023-05-01
667,BRAND_7BEC_COUNTRY_4253,2023-08-01,2023-05-01
668,BRAND_7BEC_COUNTRY_4253,2023-09-01,2023-05-01
669,BRAND_7BEC_COUNTRY_4253,2023-10-01,2023-05-01
670,BRAND_7BEC_COUNTRY_4253,2023-11-01,2023-05-01
671,BRAND_7BEC_COUNTRY_4253,2023-12-01,2023-05-01
672,BRAND_7BEC_COUNTRY_445D,2023-01-01,2022-02-01
673,BRAND_7BEC_COUNTRY_445D,2023-02-01,2022-02-01
674,BRAND_7BEC_COUNTRY_445D,2023-03-01,2022-02-01
675,BRAND_7BEC_COUNTRY_445D,2023-04-01,2022-02-01
676,BRAND_7BEC_COUNTRY_445D,2023-05-01,2022-02-01
677,BRAND_7BEC_COUNTRY_445D,2023-06-01,2022-02-01
678,BRAND_7BEC_COUNTRY_445D,2023-07-01,2022-02-01
679,BRAND_7BEC_COUNTRY_445D,2023-08-01,2022-02-01
680,BRAND_7BEC_COUNTRY_445D,2023-09-01,2022-02-01
681,BRAND_7BEC_COUNTRY_445D,2023-10-01,2022-02-01
682,BRAND_7BEC_COUNTRY_445D,2023-11-01,2022-02-01
683,BRAND_7BEC_COUNTRY_445D,2023-12-01,2022-02-01
684,BRAND_81A0_COUNTRY_9891,2023-12-01,2023-12-01
685,BRAND_8779_COUNTRY_84C8,2023-01-01,2022-02-01
686,BRAND_8779_COUNTRY_84C8,2023-02-01,2022-02-01
687,BRAND_8779_COUNTRY_84C8,2023-03-01,2022-02-01
688,BRAND_8779_COUNTRY_84C8,2023-04-01,2022-02-01
689,BRAND_8779_COUNTRY_84C8,2023-05-01,2022-02-01
690,BRAND_8779_COUNTRY_84C8,2023-06-01,2022-02-01
691,BRAND_8779_COUNTRY_84C8,2023-07-01,2022-02-01
692,BRAND_8779_COUNTRY_84C8,2023-08-01,2022-02-01
693,BRAND_8779_COUNTRY_84C8,2023-09-01,2022-02-01
694,BRAND_8779_COUNTRY_84C8,2023-10-01,2022-02-01
695,BRAND_8779_COUNTRY_84C8,2023-11-01,2022-02-01
696,BRAND_8779_COUNTRY_84C8,2023-12-01,2022-02-01
697,BRAND_89E4_COUNTRY_3F0E,2023-08-01,2023-08-01
698,BRAND_89E4_COUNTRY_3F0E,2023-09-01,2023-08-01
699,BRAND_89E4_COUNTRY_3F0E,2023-10-01,2023-08-01
700,BRAND_89E4_COUNTRY_3F0E,2023-11-01,2023-08-01
701,BRAND_89E4_COUNTRY_3F0E,2023-12-01,2023-08-01
702,BRAND_89E4_COUNTRY_7D31,2023-01-01,2022-11-01
703,BRAND_89E4_COUNTRY_7D31,2023-02-01,2022-11-01
704,BRAND_89E4_COUNTRY_7D31,2023-03-01,2022-11-01
705,BRAND_89E4_COUNTRY_7D31,2023-04-01,2022-11-01
706,BRAND_89E4_COUNTRY_7D31,2023-05-01,2022-11-01
707,BRAND_89E4_COUNTRY_7D31,2023-06-01,2022-11-01
708,BRAND_89E4_COUNTRY_7D31,2023-07-01,2022-11-01
709,BRAND_89E4_COUNTRY_7D31,2023-08-01,2022-11-01
710,BRAND_89E4_COUNTRY_7D31,2023-09-01,2022-11-01
711,BRAND_89E4_COUNTRY_7D31,2023-10-01,2022-11-01
712,BRAND_89E4_COUNTRY_7D31,2023-11-01,2022-11-01
713,BRAND_89E4_COUNTRY_7D31,2023-12-01,2022-11-01
714,BRAND_9259_COUNTRY_06E4,2023-03-01,2023-03-01
715,BRAND_9259_COUNTRY_06E4,2023-04-01,2023-03-01
716,BRAND_9259_COUNTRY_06E4,2023-05-01,2023-03-01
717,BRAND_9259_COUNTRY_06E4,2023-06-01,2023-03-01
718,BRAND_9259_COUNTRY_06E4,2023-07-01,2023-03-01
719,BRAND_9259_COUNTRY_06E4,2023-08-01,2023-03-01
720,BRAND_9259_COUNTRY_06E4,2023-09-01,2023-03-01
721,BRAND_9259_COUNTRY_06E4,2023-10-01,2023-03-01
722,BRAND_9259_COUNTRY_06E4,2023-11-01,2023-03-01
723,BRAND_9259_COUNTRY_06E4,2023-12-01,2023-03-01
724,BRAND_9259_COUNTRY_0C7D,2023-07-01,2023-07-01
725,BRAND_9259_COUNTRY_0C7D,2023-08-01,2023-07-01
726,BRAND_9259_COUNTRY_0C7D,2023-09-01,2023-07-01
727,BRAND_9259_COUNTRY_0C7D,2023-10-01,2023-07-01
728,BRAND_9259_COUNTRY_0C7D,2023-11-01,2023-07-01
729,BRAND_9259_COUNTRY_0C7D,2023-12-01,2023-07-01
730,BRAND_9259_COUNTRY_1007,2023-01-01,2022-09-01
731,BRAND_9259_COUNTRY_1007,2023-02-01,2022-09-01
732,BRAND_9259_COUNTRY_1007,2023-03-01,2022-09-01
733,BRAND_9259_COUNTRY_1007,2023-04-01,2022-09-01
734,BRAND_9259_COUNTRY_1007,2023-05-01,2022-09-01
735,BRAND_9259_COUNTRY_1007,2023-06-01,2022-09-01
736,BRAND_9259_COUNTRY_1007,2023-07-01,2022-09-01
737,BRAND_9259_COUNTRY_1007,2023-08-01,2022-09-01
738,BRAND_9259_COUNTRY_1007,2023-09-01,2022-09-01
739,BRAND_9259_COUNTRY_1007,2023-10-01,2022-09-01
740,BRAND_9259_COUNTRY_1007,2023-11-01,2022-09-01
741,BRAND_9259_COUNTRY_1007,2023-12-01,2022-09-01
742,BRAND_9259_COUNTRY_3536,2023-01-01,2023-01-01
743,BRAND_9259_COUNTRY_3536,2023-02-01,2023-01-01
744,BRAND_9259_COUNTRY_3536,2023-03-01,2023-01-01
745,BRAND_9259_COUNTRY_3536,2023-04-01,2023-01-01
746,BRAND_9259_COUNTRY_3536,2023-05-01,2023-01-01
747,BRAND_9259_COUNTRY_3536,2023-06-01,2023-01-01
748,BRAND_9259_COUNTRY_3536,2023-07-01,2023-01-01
749,BRAND_9259_COUNTRY_3536,2023-08-01,2023-01-01
750,BRAND_9259_COUNTRY_3536,2023-09-01,2023-01-01
751,BRAND_9259_COUNTRY_3536,2023-10-01,2023-01-01
752,BRAND_9259_COUNTRY_3536,2023-11-01,2023-01-01
753,BRAND_9259_COUNTRY_3536,2023-12-01,2023-01-01
754,BRAND_9259_COUNTRY_4242,2023-01-01,2022-06-01
755,BRAND_9259_COUNTRY_4242,2023-02-01,2022-06-01
756,BRAND_9259_COUNTRY_4242,2023-03-01,2022-06-01
757,BRAND_9259_COUNTRY_4242,2023-04-01,2022-06-01
758,BRAND_9259_COUNTRY_4242,2023-05-01,2022-06-01
759,BRAND_9259_COUNTRY_4242,2023-06-01,2022-06-01
760,BRAND_9259_COUNTRY_4242,2023-07-01,2022-06-01
761,BRAND_9259_COUNTRY_4242,2023-08-01,2022-06-01
762,BRAND_9259_COUNTRY_4242,2023-09-01,2022-06-01
763,BRAND_9259_COUNTRY_4242,2023-10-01,2022-06-01
764,BRAND_9259_COUNTRY_4242,2023-11-01,2022-06-01
765,BRAND_9259_COUNTRY_4242,2023-12-01,2022-06-01
766,BRAND_9259_COUNTRY_5180,2023-01-01,2022-04-01
767,BRAND_9259_COUNTRY_5180,2023-02-01,2022-04-01
768,BRAND_9259_COUNTRY_5180,2023-03-01,2022-04-01
769,BRAND_9259_COUNTRY_5180,2023-04-01,2022-04-01
770,BRAND_9259_COUNTRY_5180,2023-05-01,2022-04-01
771,BRAND_9259_COUNTRY_5180,2023-06-01,2022-04-01
772,BRAND_9259_COUNTRY_5180,2023-07-01,2022-04-01
773,BRAND_9259_COUNTRY_5180,2023-08-01,2022-04-01
774,BRAND_9259_COUNTRY_5180,2023-09-01,2022-04-01
775,BRAND_9259_COUNTRY_5180,2023-10-01,2022-04-01
776,BRAND_9259_COUNTRY_5180,2023-11-01,2022-04-01
777,BRAND_9259_COUNTRY_5180,2023-12-01,2022-04-01
778,BRAND_9259_COUNTRY_6B71,2023-01-01,2022-10-01
779,BRAND_9259_COUNTRY_6B71,2023-02-01,2022-10-01
780,BRAND_9259_COUNTRY_6B71,2023-03-01,2022-10-01
781,BRAND_9259_COUNTRY_6B71,2023-04-01,2022-10-01
782,BRAND_9259_COUNTRY_6B71,2023-05-01,2022-10-01
783,BRAND_9259_COUNTRY_6B71,2023-06-01,2022-10-01
784,BRAND_9259_COUNTRY_6B71,2023-07-01,2022-10-01
785,BRAND_9259_COUNTRY_6B71,2023-08-01,2022-10-01
786,BRAND_9259_COUNTRY_6B71,2023-09-01,2022-10-01
787,BRAND_9259_COUNTRY_6B71,2023-10-01,2022-10-01
788,BRAND_9259_COUNTRY_6B71,2023-11-01,2022-10-01
789,BRAND_9259_COUNTRY_6B71,2023-12-01,2022-10-01
790,BRAND_9259_COUNTRY_6C16,2023-01-01,2022-10-01
791,BRAND_9259_COUNTRY_6C16,2023-02-01,2022-10-01
792,BRAND_9259_COUNTRY_6C16,2023-03-01,2022-10-01
793,BRAND_9259_COUNTRY_6C16,2023-04-01,2022-10-01
794,BRAND_9259_COUNTRY_6C16,2023-05-01,2022-10-01
795,BRAND_9259_COUNTRY_6C16,2023-06-01,2022-10-01
796,BRAND_9259_COUNTRY_6C16,2023-07-01,2022-10-01
797,BRAND_9259_COUNTRY_6C16,2023-08-01,2022-10-01
798,BRAND_9259_COUNTRY_6C16,2023-09-01,2022-10-01
799,BRAND_9259_COUNTRY_6C16,2023-10-01,2022-10-01
800,BRAND_9259_COUNTRY_6C16,2023-11-01,2022-10-01
801,BRAND_9259_COUNTRY_6C16,2023-12-01,2022-10-01
802,BRAND_9259_COUNTRY_88A3,2023-01-01,2022-09-01
803,BRAND_9259_COUNTRY_88A3,2023-02-01,2022-09-01
804,BRAND_9259_COUNTRY_88A3,2023-03-01,2022-09-01
805,BRAND_9259_COUNTRY_88A3,2023-04-01,2022-09-01
806,BRAND_9259_COUNTRY_88A3,2023-05-01,2022-09-01
807,BRAND_9259_COUNTRY_88A3,2023-06-01,2022-09-01
808,BRAND_9259_COUNTRY_88A3,2023-07-01,2022-09-01
809,BRAND_9259_COUNTRY_88A3,2023-08-01,2022-09-01
810,BRAND_9259_COUNTRY_88A3,2023-09-01,2022-09-01
811,BRAND_9259_COUNTRY_88A3,2023-10-01,2022-09-01
812,BRAND_9259_COUNTRY_88A3,2023-11-01,2022-09-01
813,BRAND_9259_COUNTRY_88A3,2023-12-01,2022-09-01
814,BRAND_9259_COUNTRY_89F9,2023-01-01,2022-06-01
815,BRAND_9259_COUNTRY_89F9,2023-02-01,2022-06-01
816,BRAND_9259_COUNTRY_89F9,2023-03-01,2022-06-01
817,BRAND_9259_COUNTRY_89F9,2023-04-01,2022-06-01
818,BRAND_9259_COUNTRY_89F9,2023-05-01,2022-06-01
819,BRAND_9259_COUNTRY_89F9,2023-06-01,2022-06-01
820,BRAND_9259_COUNTRY_89F9,2023-07-01,2022-06-01
821,BRAND_9259_COUNTRY_89F9,2023-08-01,2022-06-01
822,BRAND_9259_COUNTRY_89F9,2023-09-01,2022-06-01
823,BRAND_9259_COUNTRY_89F9,2023-10-01,2022-06-01
824,BRAND_9259_COUNTRY_89F9,2023-11-01,2022-06-01
825,BRAND_9259_COUNTRY_89F9,2023-12-01,2022-06-01
826,BRAND_9259_COUNTRY_907E,2023-01-01,2022-05-01
827,BRAND_9259_COUNTRY_907E,2023-02-01,2022-05-01
828,BRAND_9259_COUNTRY_907E,2023-03-01,2022-05-01
829,BRAND_9259_COUNTRY_907E,2023-04-01,2022-05-01
830,BRAND_9259_COUNTRY_907E,2023-05-01,2022-05-01
831,BRAND_9259_COUNTRY_907E,2023-06-01,2022-05-01
832,BRAND_9259_COUNTRY_907E,2023-07-01,2022-05-01
833,BRAND_9259_COUNTRY_907E,2023-08-01,2022-05-01
834,BRAND_9259_COUNTRY_907E,2023-09-01,2022-05-01
835,BRAND_9259_COUNTRY_907E,2023-10-01,2022-05-01
836,BRAND_9259_COUNTRY_907E,2023-11-01,2022-05-01
837,BRAND_9259_COUNTRY_907E,2023-12-01,2022-05-01
838,BRAND_9259_COUNTRY_9488,2023-11-01,2023-11-01
839,BRAND_9259_COUNTRY_9488,2023-12-01,2023-11-01
840,BRAND_9259_COUNTRY_A67D,2023-01-01,2022-01-01
841,BRAND_9259_COUNTRY_A67D,2023-02-01,2022-01-01
842,BRAND_9259_COUNTRY_A67D,2023-03-01,2022-01-01
843,BRAND_9259_COUNTRY_A67D,2023-04-01,2022-01-01
844,BRAND_9259_COUNTRY_A67D,2023-05-01,2022-01-01
845,BRAND_9259_COUNTRY_A67D,2023-06-01,2022-01-01
846,BRAND_9259_COUNTRY_A67D,2023-07-01,2022-01-01
847,BRAND_9259_COUNTRY_A67D,2023-08-01,2022-01-01
848,BRAND_9259_COUNTRY_A67D,2023-09-01,2022-01-01
849,BRAND_9259_COUNTRY_A67D,2023-10-01,2022-01-01
850,BRAND_9259_COUNTRY_A67D,2023-11-01,2022-01-01
851,BRAND_9259_COUNTRY_A67D,2023-12-01,2022-01-01
852,BRAND_9259_COUNTRY_E319,2023-05-01,2023-05-01
853,BRAND_9259_COUNTRY_E319,2023-06-01,2023-05-01
854,BRAND_9259_COUNTRY_E319,2023-07-01,2023-05-01
855,BRAND_9259_COUNTRY_E319,2023-08-01,2023-05-01
856,BRAND_9259_COUNTRY_E319,2023-09-01,2023-05-01
857,BRAND_9259_COUNTRY_E319,2023-10-01,2023-05-01
858,BRAND_9259_COUNTRY_E319,2023-11-01,2023-05-01
859,BRAND_9259_COUNTRY_E319,2023-12-01,2023-05-01
860,BRAND_9259_COUNTRY_EA71,2023-07-01,2023-07-01
861,BRAND_9259_COUNTRY_EA71,2023-08-01,2023-07-01
862,BRAND_9259_COUNTRY_EA71,2023-09-01,2023-07-01
863,BRAND_9259_COUNTRY_EA71,2023-10-01,2023-07-01
864,BRAND_9259_COUNTRY_EA71,2023-11-01,2023-07-01
865,BRAND_9259_COUNTRY_EA71,2023-12-01,2023-07-01
866,BRAND_9259_COUNTRY_FA79,2023-01-01,2022-12-01
867,BRAND_9259_COUNTRY_FA79,2023-02-01,2022-12-01
868,BRAND_9259_COUNTRY_FA79,2023-03-01,2022-12-01
869,BRAND_9259_COUNTRY_FA79,2023-04-01,2022-12-01
870,BRAND_9259_COUNTRY_FA79,2023-05-01,2022-12-01
871,BRAND_9259_COUNTRY_FA79,2023-06-01,2022-12-01
872,BRAND_9259_COUNTRY_FA79,2023-07-01,2022-12-01
873,BRAND_9259_COUNTRY_FA79,2023-08-01,2022-12-01
874,BRAND_9259_COUNTRY_FA79,2023-09-01,2022-12-01
875,BRAND_9259_COUNTRY_FA79,2023-10-01,2022-12-01
876,BRAND_9259_COUNTRY_FA79,2023-11-01,2022-12-01
877,BRAND_9259_COUNTRY_FA79,2023-12-01,2022-12-01
878,BRAND_9C65_COUNTRY_3536,2023-01-01,2022-01-01
879,BRAND_9C65_COUNTRY_3536,2023-02-01,2022-01-01
880,BRAND_9C65_COUNTRY_3536,2023-03-01,2022-01-01
881,BRAND_9C65_COUNTRY_3536,2023-04-01,2022-01-01
882,BRAND_9C65_COUNTRY_3536,2023-05-01,2022-01-01
883,BRAND_9C65_COUNTRY_3536,2023-06-01,2022-01-01
884,BRAND_9C65_COUNTRY_3536,2023-07-01,2022-01-01
885,BRAND_9C65_COUNTRY_3536,2023-08-01,2022-01-01
886,BRAND_9C65_COUNTRY_3536,2023-09-01,2022-01-01
887,BRAND_9C65_COUNTRY_3536,2023-10-01,2022-01-01
888,BRAND_9C65_COUNTRY_3536,2023-11-01,2022-01-01
889,BRAND_9C65_COUNTRY_3536,2023-12-01,2022-01-01
890,BRAND_9DA9_COUNTRY_3F0E,2023-08-01,2023-08-01
891,BRAND_9DA9_COUNTRY_3F0E,2023-09-01,2023-08-01
892,BRAND_9DA9_COUNTRY_3F0E,2023-10-01,2023-08-01
893,BRAND_9DA9_COUNTRY_3F0E,2023-11-01,2023-08-01
894,BRAND_9DA9_COUNTRY_3F0E,2023-12-01,2023-08-01
895,BRAND_9E22_COUNTRY_5180,2023-01-01,2022-08-01
896,BRAND_9E22_COUNTRY_5180,2023-02-01,2022-08-01
897,BRAND_9E22_COUNTRY_5180,2023-03-01,2022-08-01
898,BRAND_9E22_COUNTRY_5180,2023-04-01,2022-08-01
899,BRAND_9E22_COUNTRY_5180,2023-05-01,2022-08-01
900,BRAND_9E22_COUNTRY_5180,2023-06-01,2022-08-01
901,BRAND_9E22_COUNTRY_5180,2023-07-01,2022-08-01
902,BRAND_9E22_COUNTRY_5180,2023-08-01,2022-08-01
903,BRAND_9E22_COUNTRY_5180,2023-09-01,2022-08-01
904,BRAND_9E22_COUNTRY_5180,2023-10-01,2022-08-01
905,BRAND_9E22_COUNTRY_5180,2023-11-01,2022-08-01
906,BRAND_9E22_COUNTRY_5180,2023-12-01,2022-08-01
907,BRAND_A12A_COUNTRY_C51E,2023-01-01,2022-01-01
908,BRAND_A12A_COUNTRY_C51E,2023-02-01,2022-01-01
909,BRAND_A12A_COUNTRY_C51E,2023-03-01,2022-01-01
910,BRAND_A12A_COUNTRY_C51E,2023-04-01,2022-01-01
911,BRAND_A12A_COUNTRY_C51E,2023-05-01,2022-01-01
912,BRAND_A12A_COUNTRY_C51E,2023-06-01,2022-01-01
913,BRAND_A12A_COUNTRY_C51E,2023-07-01,2022-01-01
914,BRAND_A12A_COUNTRY_C51E,2023-08-01,2022-01-01
915,BRAND_A12A_COUNTRY_C51E,2023-09-01,2022-01-01
916,BRAND_A12A_COUNTRY_C51E,2023-10-01,2022-01-01
917,BRAND_A12A_COUNTRY_C51E,2023-11-01,2022-01-01
918,BRAND_A12A_COUNTRY_C51E,2023-12-01,2022-01-01
919,BRAND_A5D5_COUNTRY_5FEB,2023-01-01,2022-02-01
920,BRAND_A5D5_COUNTRY_5FEB,2023-02-01,2022-02-01
921,BRAND_A5D5_COUNTRY_5FEB,2023-03-01,2022-02-01
922,BRAND_A5D5_COUNTRY_5FEB,2023-04-01,2022-02-01
923,BRAND_A5D5_COUNTRY_5FEB,2023-05-01,2022-02-01
924,BRAND_A5D5_COUNTRY_5FEB,2023-06-01,2022-02-01
925,BRAND_A5D5_COUNTRY_5FEB,2023-07-01,2022-02-01
926,BRAND_A5D5_COUNTRY_5FEB,2023-08-01,2022-02-01
927,BRAND_A5D5_COUNTRY_5FEB,2023-09-01,2022-02-01
928,BRAND_A5D5_COUNTRY_5FEB,2023-10-01,2022-02-01
929,BRAND_A5D5_COUNTRY_5FEB,2023-11-01,2022-02-01
930,BRAND_A5D5_COUNTRY_5FEB,2023-12-01,2022-02-01
931,BRAND_A5D5_COUNTRY_7D31,2023-01-01,2022-05-01
932,BRAND_A5D5_COUNTRY_7D31,2023-02-01,2022-05-01
933,BRAND_A5D5_COUNTRY_7D31,2023-03-01,2022-05-01
934,BRAND_A5D5_COUNTRY_7D31,2023-04-01,2022-05-01
935,BRAND_A5D5_COUNTRY_7D31,2023-05-01,2022-05-01
936,BRAND_A5D5_COUNTRY_7D31,2023-06-01,2022-05-01
937,BRAND_A5D5_COUNTRY_7D31,2023-07-01,2022-05-01
938,BRAND_A5D5_COUNTRY_7D31,2023-08-01,2022-05-01
939,BRAND_A5D5_COUNTRY_7D31,2023-09-01,2022-05-01
940,BRAND_A5D5_COUNTRY_7D31,2023-10-01,2022-05-01
941,BRAND_A5D5_COUNTRY_7D31,2023-11-01,2022-05-01
942,BRAND_A5D5_COUNTRY_7D31,2023-12-01,2022-05-01
943,BRAND_A5D5_COUNTRY_C89B,2023-01-01,2022-06-01
944,BRAND_A5D5_COUNTRY_C89B,2023-02-01,2022-06-01
945,BRAND_A5D5_COUNTRY_C89B,2023-03-01,2022-06-01
946,BRAND_A5D5_COUNTRY_C89B,2023-04-01,2022-06-01
947,BRAND_A5D5_COUNTRY_C89B,2023-05-01,2022-06-01
948,BRAND_A5D5_COUNTRY_C89B,2023-06-01,2022-06-01
949,BRAND_A5D5_COUNTRY_C89B,2023-07-01,2022-06-01
950,BRAND_A5D5_COUNTRY_C89B,2023-08-01,2022-06-01
951,BRAND_A5D5_COUNTRY_C89B,2023-09-01,2022-06-01
952,BRAND_A5D5_COUNTRY_C89B,2023-10-01,2022-06-01
953,BRAND_A5D5_COUNTRY_C89B,2023-11-01,2022-06-01
954,BRAND_A5D5_COUNTRY_C89B,2023-12-01,2022-06-01
955,BRAND_AA1F_COUNTRY_06E4,2023-01-01,2022-11-01
956,BRAND_AA1F_COUNTRY_06E4,2023-02-01,2022-11-01
957,BRAND_AA1F_COUNTRY_06E4,2023-03-01,2022-11-01
958,BRAND_AA1F_COUNTRY_06E4,2023-04-01,2022-11-01
959,BRAND_AA1F_COUNTRY_06E4,2023-05-01,2022-11-01
960,BRAND_AA1F_COUNTRY_06E4,2023-06-01,2022-11-01
961,BRAND_AA1F_COUNTRY_06E4,2023-07-01,2022-11-01
962,BRAND_AA1F_COUNTRY_06E4,2023-08-01,2022-11-01
963,BRAND_AA1F_COUNTRY_06E4,2023-09-01,2022-11-01
964,BRAND_AA1F_COUNTRY_06E4,2023-10-01,2022-11-01
965,BRAND_AA1F_COUNTRY_06E4,2023-11-01,2022-11-01
966,BRAND_AA1F_COUNTRY_06E4,2023-12-01,2022-11-01
967,BRAND_ACB5_COUNTRY_9488,2023-01-01,2022-11-01
968,BRAND_ACB5_COUNTRY_9488,2023-02-01,2022-11-01
969,BRAND_ACB5_COUNTRY_9488,2023-03-01,2022-11-01
970,BRAND_ACB5_COUNTRY_9488,2023-04-01,2022-11-01
971,BRAND_ACB5_COUNTRY_9488,2023-05-01,2022-11-01
972,BRAND_ACB5_COUNTRY_9488,2023-06-01,2022-11-01
973,BRAND_ACB5_COUNTRY_9488,2023-07-01,2022-11-01
974,BRAND_ACB5_COUNTRY_9488,2023-08-01,2022-11-01
975,BRAND_ACB5_COUNTRY_9488,2023-09-01,2022-11-01
976,BRAND_ACB5_COUNTRY_9488,2023-10-01,2022-11-01
977,BRAND_ACB5_COUNTRY_9488,2023-11-01,2022-11-01
978,BRAND_ACB5_COUNTRY_9488,2023-12-01,2022-11-01
979,BRAND_B1E8_COUNTRY_AE54,2023-01-01,2022-11-01
980,BRAND_B1E8_COUNTRY_AE54,2023-02-01,2022-11-01
981,BRAND_B1E8_COUNTRY_AE54,2023-03-01,2022-11-01
982,BRAND_B1E8_COUNTRY_AE54,2023-04-01,2022-11-01
983,BRAND_B1E8_COUNTRY_AE54,2023-05-01,2022-11-01
984,BRAND_B1E8_COUNTRY_AE54,2023-06-01,2022-11-01
985,BRAND_B1E8_COUNTRY_AE54,2023-07-01,2022-11-01
986,BRAND_B1E8_COUNTRY_AE54,2023-08-01,2022-11-01
987,BRAND_B1E8_COUNTRY_AE54,2023-09-01,2022-11-01
988,BRAND_B1E8_COUNTRY_AE54,2023-10-01,2022-11-01
989,BRAND_B1E8_COUNTRY_AE54,2023-11-01,2022-11-01
990,BRAND_B1E8_COUNTRY_AE54,2023-12-01,2022-11-01
991,BRAND_B79F_COUNTRY_B6AE,2023-01-01,2022-07-01
992,BRAND_B79F_COUNTRY_B6AE,2023-02-01,2022-07-01
993,BRAND_B79F_COUNTRY_B6AE,2023-03-01,2022-07-01
994,BRAND_B79F_COUNTRY_B6AE,2023-04-01,2022-07-01
995,BRAND_B79F_COUNTRY_B6AE,2023-05-01,2022-07-01
996,BRAND_B79F_COUNTRY_B6AE,2023-06-01,2022-07-01
997,BRAND_B79F_COUNTRY_B6AE,2023-07-01,2022-07-01
998,BRAND_B79F_COUNTRY_B6AE,2023-08-01,2022-07-01
999,BRAND_B79F_COUNTRY_B6AE,2023-09-01,2022-07-01
1000,BRAND_B79F_COUNTRY_B6AE,2023-10-01,2022-07-01
1001,BRAND_B79F_COUNTRY_B6AE,2023-11-01,2022-07-01
1002,BRAND_B79F_COUNTRY_B6AE,2023-12-01,2022-07-01
1003,BRAND_B8DE_COUNTRY_0309,2023-11-01,2023-11-01
1004,BRAND_B8DE_COUNTRY_0309,2023-12-01,2023-11-01
1005,BRAND_B8DE_COUNTRY_9891,2023-10-01,2023-10-01
1006,BRAND_B8DE_COUNTRY_9891,2023-11-01,2023-10-01
1007,BRAND_B8DE_COUNTRY_9891,2023-12-01,2023-10-01
1008,BRAND_B8DE_COUNTRY_C8F4,2023-12-01,2023-12-01
1009,BRAND_B8DE_COUNTRY_D8B0,2023-10-01,2023-10-01
1010,BRAND_B8DE_COUNTRY_D8B0,2023-11-01,2023-10-01
1011,BRAND_B8DE_COUNTRY_D8B0,2023-12-01,2023-10-01
1012,BRAND_B94B_COUNTRY_5FEB,2023-01-01,2022-05-01
1013,BRAND_B94B_COUNTRY_5FEB,2023-02-01,2022-05-01
1014,BRAND_B94B_COUNTRY_5FEB,2023-03-01,2022-05-01
1015,BRAND_B94B_COUNTRY_5FEB,2023-04-01,2022-05-01
1016,BRAND_B94B_COUNTRY_5FEB,2023-05-01,2022-05-01
1017,BRAND_B94B_COUNTRY_5FEB,2023-06-01,2022-05-01
1018,BRAND_B94B_COUNTRY_5FEB,2023-07-01,2022-05-01
1019,BRAND_B94B_COUNTRY_5FEB,2023-08-01,2022-05-01
1020,BRAND_B94B_COUNTRY_5FEB,2023-09-01,2022-05-01
1021,BRAND_B94B_COUNTRY_5FEB,2023-10-01,2022-05-01
1022,BRAND_B94B_COUNTRY_5FEB,2023-11-01,2022-05-01
1023,BRAND_B94B_COUNTRY_5FEB,2023-12-01,2022-05-01
1024,BRAND_BBE0_COUNTRY_C89B,2023-01-01,2022-11-01
1025,BRAND_BBE0_COUNTRY_C89B,2023-02-01,2022-11-01
1026,BRAND_BBE0_COUNTRY_C89B,2023-03-01,2022-11-01
1027,BRAND_BBE0_COUNTRY_C89B,2023-04-01,2022-11-01
1028,BRAND_BBE0_COUNTRY_C89B,2023-05-01,2022-11-01
1029,BRAND_BBE0_COUNTRY_C89B,2023-06-01,2022-11-01
1030,BRAND_BBE0_COUNTRY_C89B,2023-07-01,2022-11-01
1031,BRAND_BBE0_COUNTRY_C89B,2023-08-01,2022-11-01
1032,BRAND_BBE0_COUNTRY_C89B,2023-09-01,2022-11-01
1033,BRAND_BBE0_COUNTRY_C89B,2023-10-01,2022-11-01
1034,BRAND_BBE0_COUNTRY_C89B,2023-11-01,2022-11-01
1035,BRAND_BBE0_COUNTRY_C89B,2023-12-01,2022-11-01
1036,BRAND_BC1F_COUNTRY_C89B,2023-01-01,2022-07-01
1037,BRAND_BC1F_COUNTRY_C89B,2023-02-01,2022-07-01
1038,BRAND_BC1F_COUNTRY_C89B,2023-03-01,2022-07-01
1039,BRAND_BC1F_COUNTRY_C89B,2023-04-01,2022-07-01
1040,BRAND_BC1F_COUNTRY_C89B,2023-05-01,2022-07-01
1041,BRAND_BC1F_COUNTRY_C89B,2023-06-01,2022-07-01
1042,BRAND_BC1F_COUNTRY_C89B,2023-07-01,2022-07-01
1043,BRAND_BC1F_COUNTRY_C89B,2023-08-01,2022-07-01
1044,BRAND_BC1F_COUNTRY_C89B,2023-09-01,2022-07-01
1045,BRAND_BC1F_COUNTRY_C89B,2023-10-01,2022-07-01
1046,BRAND_BC1F_COUNTRY_C89B,2023-11-01,2022-07-01
1047,BRAND_BC1F_COUNTRY_C89B,2023-12-01,2022-07-01
1048,BRAND_BDB6_COUNTRY_5FEB,2023-01-01,2022-02-01
1049,BRAND_BDB6_COUNTRY_5FEB,2023-02-01,2022-02-01
1050,BRAND_BDB6_COUNTRY_5FEB,2023-03-01,2022-02-01
1051,BRAND_BDB6_COUNTRY_5FEB,2023-04-01,2022-02-01
1052,BRAND_BDB6_COUNTRY_5FEB,2023-05-01,2022-02-01
1053,BRAND_BDB6_COUNTRY_5FEB,2023-06-01,2022-02-01
1054,BRAND_BDB6_COUNTRY_5FEB,2023-07-01,2022-02-01
1055,BRAND_BDB6_COUNTRY_5FEB,2023-08-01,2022-02-01
1056,BRAND_BDB6_COUNTRY_5FEB,2023-09-01,2022-02-01
1057,BRAND_BDB6_COUNTRY_5FEB,2023-10-01,2022-02-01
1058,BRAND_BDB6_COUNTRY_5FEB,2023-11-01,2022-02-01
1059,BRAND_BDB6_COUNTRY_5FEB,2023-12-01,2022-02-01
1060,BRAND_C352_COUNTRY_0C7D,2023-05-01,2023-05-01
1061,BRAND_C352_COUNTRY_0C7D,2023-06-01,2023-05-01
1062,BRAND_C352_COUNTRY_0C7D,2023-07-01,2023-05-01
1063,BRAND_C352_COUNTRY_0C7D,2023-08-01,2023-05-01
1064,BRAND_C352_COUNTRY_0C7D,2023-09-01,2023-05-01
1065,BRAND_C352_COUNTRY_0C7D,2023-10-01,2023-05-01
1066,BRAND_C352_COUNTRY_0C7D,2023-11-01,2023-05-01
1067,BRAND_C352_COUNTRY_0C7D,2023-12-01,2023-05-01
1068,BRAND_C352_COUNTRY_1007,2023-01-01,2022-08-01
1069,BRAND_C352_COUNTRY_1007,2023-02-01,2022-08-01
1070,BRAND_C352_COUNTRY_1007,2023-03-01,2022-08-01
1071,BRAND_C352_COUNTRY_1007,2023-04-01,2022-08-01
1072,BRAND_C352_COUNTRY_1007,2023-05-01,2022-08-01
1073,BRAND_C352_COUNTRY_1007,2023-06-01,2022-08-01
1074,BRAND_C352_COUNTRY_1007,2023-07-01,2022-08-01
1075,BRAND_C352_COUNTRY_1007,2023-08-01,2022-08-01
1076,BRAND_C352_COUNTRY_1007,2023-09-01,2022-08-01
1077,BRAND_C352_COUNTRY_1007,2023-10-01,2022-08-01
1078,BRAND_C352_COUNTRY_1007,2023-11-01,2022-08-01
1079,BRAND_C352_COUNTRY_1007,2023-12-01,2022-08-01
1080,BRAND_C352_COUNTRY_445D,2023-01-01,2022-02-01
1081,BRAND_C352_COUNTRY_445D,2023-02-01,2022-02-01
1082,BRAND_C352_COUNTRY_445D,2023-03-01,2022-02-01
1083,BRAND_C352_COUNTRY_445D,2023-04-01,2022-02-01
1084,BRAND_C352_COUNTRY_445D,2023-05-01,2022-02-01
1085,BRAND_C352_COUNTRY_445D,2023-06-01,2022-02-01
1086,BRAND_C352_COUNTRY_445D,2023-07-01,2022-02-01
1087,BRAND_C352_COUNTRY_445D,2023-08-01,2022-02-01
1088,BRAND_C352_COUNTRY_445D,2023-09-01,2022-02-01
1089,BRAND_C352_COUNTRY_445D,2023-10-01,2022-02-01
1090,BRAND_C352_COUNTRY_445D,2023-11-01,2022-02-01
1091,BRAND_C352_COUNTRY_445D,2023-12-01,2022-02-01
1092,BRAND_C352_COUNTRY_4D48,2023-01-01,2022-03-01
1093,BRAND_C352_COUNTRY_4D48,2023-02-01,2022-03-01
1094,BRAND_C352_COUNTRY_4D48,2023-03-01,2022-03-01
1095,BRAND_C352_COUNTRY_4D48,2023-04-01,2022-03-01
1096,BRAND_C352_COUNTRY_4D48,2023-05-01,2022-03-01
1097,BRAND_C352_COUNTRY_4D48,2023-06-01,2022-03-01
1098,BRAND_C352_COUNTRY_4D48,2023-07-01,2022-03-01
1099,BRAND_C352_COUNTRY_4D48,2023-08-01,2022-03-01
1100,BRAND_C352_COUNTRY_4D48,2023-09-01,2022-03-01
1101,BRAND_C352_COUNTRY_4D48,2023-10-01,2022-03-01
1102,BRAND_C352_COUNTRY_4D48,2023-11-01,2022-03-01
1103,BRAND_C352_COUNTRY_4D48,2023-12-01,2022-03-01
1104,BRAND_C352_COUNTRY_5A54,2023-01-01,2022-08-01
1105,BRAND_C352_COUNTRY_5A54,2023-02-01,2022-08-01
1106,BRAND_C352_COUNTRY_5A54,2023-03-01,2022-08-01
1107,BRAND_C352_COUNTRY_5A54,2023-04-01,2022-08-01
1108,BRAND_C352_COUNTRY_5A54,2023-05-01,2022-08-01
1109,BRAND_C352_COUNTRY_5A54,2023-06-01,2022-08-01
1110,BRAND_C352_COUNTRY_5A54,2023-07-01,2022-08-01
1111,BRAND_C352_COUNTRY_5A54,2023-08-01,2022-08-01
1112,BRAND_C352_COUNTRY_5A54,2023-09-01,2022-08-01
1113,BRAND_C352_COUNTRY_5A54,2023-10-01,2022-08-01
1114,BRAND_C352_COUNTRY_5A54,2023-11-01,2022-08-01
1115,BRAND_C352_COUNTRY_5A54,2023-12-01,2022-08-01
1116,BRAND_C352_COUNTRY_6B71,2023-02-01,2023-02-01
1117,BRAND_C352_COUNTRY_6B71,2023-03-01,2023-02-01
1118,BRAND_C352_COUNTRY_6B71,2023-04-01,2023-02-01
1119,BRAND_C352_COUNTRY_6B71,2023-05-01,2023-02-01
1120,BRAND_C352_COUNTRY_6B71,2023-06-01,2023-02-01
1121,BRAND_C352_COUNTRY_6B71,2023-07-01,2023-02-01
1122,BRAND_C352_COUNTRY_6B71,2023-08-01,2023-02-01
1123,BRAND_C352_COUNTRY_6B71,2023-09-01,2023-02-01
1124,BRAND_C352_COUNTRY_6B71,2023-10-01,2023-02-01
1125,BRAND_C352_COUNTRY_6B71,2023-11-01,2023-02-01
1126,BRAND_C352_COUNTRY_6B71,2023-12-01,2023-02-01
1127,BRAND_C352_COUNTRY_88A3,2023-01-01,2022-07-01
1128,BRAND_C352_COUNTRY_88A3,2023-02-01,2022-07-01
1129,BRAND_C352_COUNTRY_88A3,2023-03-01,2022-07-01
1130,BRAND_C352_COUNTRY_88A3,2023-04-01,2022-07-01
1131,BRAND_C352_COUNTRY_88A3,2023-05-01,2022-07-01
1132,BRAND_C352_COUNTRY_88A3,2023-06-01,2022-07-01
1133,BRAND_C352_COUNTRY_88A3,2023-07-01,2022-07-01
1134,BRAND_C352_COUNTRY_88A3,2023-08-01,2022-07-01
1135,BRAND_C352_COUNTRY_88A3,2023-09-01,2022-07-01
1136,BRAND_C352_COUNTRY_88A3,2023-10-01,2022-07-01
1137,BRAND_C352_COUNTRY_88A3,2023-11-01,2022-07-01
1138,BRAND_C352_COUNTRY_88A3,2023-12-01,2022-07-01
1139,BRAND_C352_COUNTRY_8B47,2023-01-01,2022-03-01
1140,BRAND_C352_COUNTRY_8B47,2023-02-01,2022-03-01
1141,BRAND_C352_COUNTRY_8B47,2023-03-01,2022-03-01
1142,BRAND_C352_COUNTRY_8B47,2023-04-01,2022-03-01
1143,BRAND_C352_COUNTRY_8B47,2023-05-01,2022-03-01
1144,BRAND_C352_COUNTRY_8B47,2023-06-01,2022-03-01
1145,BRAND_C352_COUNTRY_8B47,2023-07-01,2022-03-01
1146,BRAND_C352_COUNTRY_8B47,2023-08-01,2022-03-01
1147,BRAND_C352_COUNTRY_8B47,2023-09-01,2022-03-01
1148,BRAND_C352_COUNTRY_8B47,2023-10-01,2022-03-01
1149,BRAND_C352_COUNTRY_8B47,2023-11-01,2022-03-01
1150,BRAND_C352_COUNTRY_8B47,2023-12-01,2022-03-01
1151,BRAND_C352_COUNTRY_907E,2023-05-01,2023-05-01
1152,BRAND_C352_COUNTRY_907E,2023-06-01,2023-05-01
1153,BRAND_C352_COUNTRY_907E,2023-07-01,2023-05-01
1154,BRAND_C352_COUNTRY_907E,2023-08-01,2023-05-01
1155,BRAND_C352_COUNTRY_907E,2023-09-01,2023-05-01
1156,BRAND_C352_COUNTRY_907E,2023-10-01,2023-05-01
1157,BRAND_C352_COUNTRY_907E,2023-11-01,2023-05-01
1158,BRAND_C352_COUNTRY_907E,2023-12-01,2023-05-01
1159,BRAND_C352_COUNTRY_9488,2023-01-01,2022-10-01
1160,BRAND_C352_COUNTRY_9488,2023-02-01,2022-10-01
1161,BRAND_C352_COUNTRY_9488,2023-03-01,2022-10-01
1162,BRAND_C352_COUNTRY_9488,2023-04-01,2022-10-01
1163,BRAND_C352_COUNTRY_9488,2023-05-01,2022-10-01
1164,BRAND_C352_COUNTRY_9488,2023-06-01,2022-10-01
1165,BRAND_C352_COUNTRY_9488,2023-07-01,2022-10-01
1166,BRAND_C352_COUNTRY_9488,2023-08-01,2022-10-01
1167,BRAND_C352_COUNTRY_9488,2023-09-01,2022-10-01
1168,BRAND_C352_COUNTRY_9488,2023-10-01,2022-10-01
1169,BRAND_C352_COUNTRY_9488,2023-11-01,2022-10-01
1170,BRAND_C352_COUNTRY_9488,2023-12-01,2022-10-01
1171,BRAND_C352_COUNTRY_C8F4,2023-01-01,2022-03-01
1172,BRAND_C352_COUNTRY_C8F4,2023-02-01,2022-03-01
1173,BRAND_C352_COUNTRY_C8F4,2023-03-01,2022-03-01
1174,BRAND_C352_COUNTRY_C8F4,2023-04-01,2022-03-01
1175,BRAND_C352_COUNTRY_C8F4,2023-05-01,2022-03-01
1176,BRAND_C352_COUNTRY_C8F4,2023-06-01,2022-03-01
1177,BRAND_C352_COUNTRY_C8F4,2023-07-01,2022-03-01
1178,BRAND_C352_COUNTRY_C8F4,2023-08-01,2022-03-01
1179,BRAND_C352_COUNTRY_C8F4,2023-09-01,2022-03-01
1180,BRAND_C352_COUNTRY_C8F4,2023-10-01,2022-03-01
1181,BRAND_C352_COUNTRY_C8F4,2023-11-01,2022-03-01
1182,BRAND_C352_COUNTRY_C8F4,2023-12-01,2022-03-01
1183,BRAND_C352_COUNTRY_F78A,2023-02-01,2023-02-01
1184,BRAND_C352_COUNTRY_F78A,2023-03-01,2023-02-01
1185,BRAND_C352_COUNTRY_F78A,2023-04-01,2023-02-01
1186,BRAND_C352_COUNTRY_F78A,2023-05-01,2023-02-01
1187,BRAND_C352_COUNTRY_F78A,2023-06-01,2023-02-01
1188,BRAND_C352_COUNTRY_F78A,2023-07-01,2023-02-01
1189,BRAND_C352_COUNTRY_F78A,2023-08-01,2023-02-01
1190,BRAND_C352_COUNTRY_F78A,2023-09-01,2023-02-01
1191,BRAND_C352_COUNTRY_F78A,2023-10-01,2023-02-01
1192,BRAND_C352_COUNTRY_F78A,2023-11-01,2023-02-01
1193,BRAND_C352_COUNTRY_F78A,2023-12-01,2023-02-01
1194,BRAND_C3A1_COUNTRY_5180,2023-01-01,2022-08-01
1195,BRAND_C3A1_COUNTRY_5180,2023-02-01,2022-08-01
1196,BRAND_C3A1_COUNTRY_5180,2023-03-01,2022-08-01
1197,BRAND_C3A1_COUNTRY_5180,2023-04-01,2022-08-01
1198,BRAND_C3A1_COUNTRY_5180,2023-05-01,2022-08-01
1199,BRAND_C3A1_COUNTRY_5180,2023-06-01,2022-08-01
1200,BRAND_C3A1_COUNTRY_5180,2023-07-01,2022-08-01
1201,BRAND_C3A1_COUNTRY_5180,2023-08-01,2022-08-01
1202,BRAND_C3A1_COUNTRY_5180,2023-09-01,2022-08-01
1203,BRAND_C3A1_COUNTRY_5180,2023-10-01,2022-08-01
1204,BRAND_C3A1_COUNTRY_5180,2023-11-01,2022-08-01
1205,BRAND_C3A1_COUNTRY_5180,2023-12-01,2022-08-01
1206,BRAND_C94B_COUNTRY_5A54,2023-01-01,2022-05-01
1207,BRAND_C94B_COUNTRY_5A54,2023-02-01,2022-05-01
1208,BRAND_C94B_COUNTRY_5A54,2023-03-01,2022-05-01
1209,BRAND_C94B_COUNTRY_5A54,2023-04-01,2022-05-01
1210,BRAND_C94B_COUNTRY_5A54,2023-05-01,2022-05-01
1211,BRAND_C94B_COUNTRY_5A54,2023-06-01,2022-05-01
1212,BRAND_C94B_COUNTRY_5A54,2023-07-01,2022-05-01
1213,BRAND_C94B_COUNTRY_5A54,2023-08-01,2022-05-01
1214,BRAND_C94B_COUNTRY_5A54,2023-09-01,2022-05-01
1215,BRAND_C94B_COUNTRY_5A54,2023-10-01,2022-05-01
1216,BRAND_C94B_COUNTRY_5A54,2023-11-01,2022-05-01
1217,BRAND_C94B_COUNTRY_5A54,2023-12-01,2022-05-01
1218,BRAND_C94B_COUNTRY_6C16,2023-10-01,2023-10-01
1219,BRAND_C94B_COUNTRY_6C16,2023-11-01,2023-10-01
1220,BRAND_C94B_COUNTRY_6C16,2023-12-01,2023-10-01
1221,BRAND_CFD9_COUNTRY_AE54,2023-01-01,2022-02-01
1222,BRAND_CFD9_COUNTRY_AE54,2023-02-01,2022-02-01
1223,BRAND_CFD9_COUNTRY_AE54,2023-03-01,2022-02-01
1224,BRAND_CFD9_COUNTRY_AE54,2023-04-01,2022-02-01
1225,BRAND_CFD9_COUNTRY_AE54,2023-05-01,2022-02-01
1226,BRAND_CFD9_COUNTRY_AE54,2023-06-01,2022-02-01
1227,BRAND_CFD9_COUNTRY_AE54,2023-07-01,2022-02-01
1228,BRAND_CFD9_COUNTRY_AE54,2023-08-01,2022-02-01
1229,BRAND_CFD9_COUNTRY_AE54,2023-09-01,2022-02-01
1230,BRAND_CFD9_COUNTRY_AE54,2023-10-01,2022-02-01
1231,BRAND_CFD9_COUNTRY_AE54,2023-11-01,2022-02-01
1232,BRAND_CFD9_COUNTRY_AE54,2023-12-01,2022-02-01
1233,BRAND_D13E_COUNTRY_9891,2023-01-01,2022-05-01
1234,BRAND_D13E_COUNTRY_9891,2023-02-01,2022-05-01
1235,BRAND_D13E_COUNTRY_9891,2023-03-01,2022-05-01
1236,BRAND_D13E_COUNTRY_9891,2023-04-01,2022-05-01
1237,BRAND_D13E_COUNTRY_9891,2023-05-01,2022-05-01
1238,BRAND_D13E_COUNTRY_9891,2023-06-01,2022-05-01
1239,BRAND_D13E_COUNTRY_9891,2023-07-01,2022-05-01
1240,BRAND_D13E_COUNTRY_9891,2023-08-01,2022-05-01
1241,BRAND_D13E_COUNTRY_9891,2023-09-01,2022-05-01
1242,BRAND_D13E_COUNTRY_9891,2023-10-01,2022-05-01
1243,BRAND_D13E_COUNTRY_9891,2023-11-01,2022-05-01
1244,BRAND_D13E_COUNTRY_9891,2023-12-01,2022-05-01
1245,BRAND_D72F_COUNTRY_1033,2023-01-01,2022-08-01
1246,BRAND_D72F_COUNTRY_1033,2023-02-01,2022-08-01
1247,BRAND_D72F_COUNTRY_1033,2023-03-01,2022-08-01
1248,BRAND_D72F_COUNTRY_1033,2023-04-01,2022-08-01
1249,BRAND_D72F_COUNTRY_1033,2023-05-01,2022-08-01
1250,BRAND_D72F_COUNTRY_1033,2023-06-01,2022-08-01
1251,BRAND_D72F_COUNTRY_1033,2023-07-01,2022-08-01
1252,BRAND_D72F_COUNTRY_1033,2023-08-01,2022-08-01
1253,BRAND_D72F_COUNTRY_1033,2023-09-01,2022-08-01
1254,BRAND_D72F_COUNTRY_1033,2023-10-01,2022-08-01
1255,BRAND_D72F_COUNTRY_1033,2023-11-01,2022-08-01
1256,BRAND_D72F_COUNTRY_1033,2023-12-01,2022-08-01
1257,BRAND_D72F_COUNTRY_3536,2023-01-01,2022-06-01
1258,BRAND_D72F_COUNTRY_3536,2023-02-01,2022-06-01
1259,BRAND_D72F_COUNTRY_3536,2023-03-01,2022-06-01
1260,BRAND_D72F_COUNTRY_3536,2023-04-01,2022-06-01
1261,BRAND_D72F_COUNTRY_3536,2023-05-01,2022-06-01
1262,BRAND_D72F_COUNTRY_3536,2023-06-01,2022-06-01
1263,BRAND_D72F_COUNTRY_3536,2023-07-01,2022-06-01
1264,BRAND_D72F_COUNTRY_3536,2023-08-01,2022-06-01
1265,BRAND_D72F_COUNTRY_3536,2023-09-01,2022-06-01
1266,BRAND_D72F_COUNTRY_3536,2023-10-01,2022-06-01
1267,BRAND_D72F_COUNTRY_3536,2023-11-01,2022-06-01
1268,BRAND_D72F_COUNTRY_3536,2023-12-01,2022-06-01
1269,BRAND_D72F_COUNTRY_C89B,2023-01-01,2022-10-01
1270,BRAND_D72F_COUNTRY_C89B,2023-02-01,2022-10-01
1271,BRAND_D72F_COUNTRY_C89B,2023-03-01,2022-10-01
1272,BRAND_D72F_COUNTRY_C89B,2023-04-01,2022-10-01
1273,BRAND_D72F_COUNTRY_C89B,2023-05-01,2022-10-01
1274,BRAND_D72F_COUNTRY_C89B,2023-06-01,2022-10-01
1275,BRAND_D72F_COUNTRY_C89B,2023-07-01,2022-10-01
1276,BRAND_D72F_COUNTRY_C89B,2023-08-01,2022-10-01
1277,BRAND_D72F_COUNTRY_C89B,2023-09-01,2022-10-01
1278,BRAND_D72F_COUNTRY_C89B,2023-10-01,2022-10-01
1279,BRAND_D72F_COUNTRY_C89B,2023-11-01,2022-10-01
1280,BRAND_D72F_COUNTRY_C89B,2023-12-01,2022-10-01
1281,BRAND_D786_COUNTRY_0309,2023-10-01,2023-10-01
1282,BRAND_D786_COUNTRY_0309,2023-11-01,2023-10-01
1283,BRAND_D786_COUNTRY_0309,2023-12-01,2023-10-01
1284,BRAND_D786_COUNTRY_1033,2023-02-01,2023-02-01
1285,BRAND_D786_COUNTRY_1033,2023-03-01,2023-02-01
1286,BRAND_D786_COUNTRY_1033,2023-04-01,2023-02-01
1287,BRAND_D786_COUNTRY_1033,2023-05-01,2023-02-01
1288,BRAND_D786_COUNTRY_1033,2023-06-01,2023-02-01
1289,BRAND_D786_COUNTRY_1033,2023-07-01,2023-02-01
1290,BRAND_D786_COUNTRY_1033,2023-08-01,2023-02-01
1291,BRAND_D786_COUNTRY_1033,2023-09-01,2023-02-01
1292,BRAND_D786_COUNTRY_1033,2023-10-01,2023-02-01
1293,BRAND_D786_COUNTRY_1033,2023-11-01,2023-02-01
1294,BRAND_D786_COUNTRY_1033,2023-12-01,2023-02-01
1295,BRAND_D786_COUNTRY_3AD0,2023-01-01,2022-06-01
1296,BRAND_D786_COUNTRY_3AD0,2023-02-01,2022-06-01
1297,BRAND_D786_COUNTRY_3AD0,2023-03-01,2022-06-01
1298,BRAND_D786_COUNTRY_3AD0,2023-04-01,2022-06-01
1299,BRAND_D786_COUNTRY_3AD0,2023-05-01,2022-06-01
1300,BRAND_D786_COUNTRY_3AD0,2023-06-01,2022-06-01
1301,BRAND_D786_COUNTRY_3AD0,2023-07-01,2022-06-01
1302,BRAND_D786_COUNTRY_3AD0,2023-08-01,2022-06-01
1303,BRAND_D786_COUNTRY_3AD0,2023-09-01,2022-06-01
1304,BRAND_D786_COUNTRY_3AD0,2023-10-01,2022-06-01
1305,BRAND_D786_COUNTRY_3AD0,2023-11-01,2022-06-01
1306,BRAND_D786_COUNTRY_3AD0,2023-12-01,2022-06-01
1307,BRAND_D786_COUNTRY_4253,2023-01-01,2022-10-01
1308,BRAND_D786_COUNTRY_4253,2023-02-01,2022-10-01
1309,BRAND_D786_COUNTRY_4253,2023-03-01,2022-10-01
1310,BRAND_D786_COUNTRY_4253,2023-04-01,2022-10-01
1311,BRAND_D786_COUNTRY_4253,2023-05-01,2022-10-01
1312,BRAND_D786_COUNTRY_4253,2023-06-01,2022-10-01
1313,BRAND_D786_COUNTRY_4253,2023-07-01,2022-10-01
1314,BRAND_D786_COUNTRY_4253,2023-08-01,2022-10-01
1315,BRAND_D786_COUNTRY_4253,2023-09-01,2022-10-01
1316,BRAND_D786_COUNTRY_4253,2023-10-01,2022-10-01
1317,BRAND_D786_COUNTRY_4253,2023-11-01,2022-10-01
1318,BRAND_D786_COUNTRY_4253,2023-12-01,2022-10-01
1319,BRAND_D786_COUNTRY_4D48,2023-05-01,2023-05-01
1320,BRAND_D786_COUNTRY_4D48,2023-06-01,2023-05-01
1321,BRAND_D786_COUNTRY_4D48,2023-07-01,2023-05-01
1322,BRAND_D786_COUNTRY_4D48,2023-08-01,2023-05-01
1323,BRAND_D786_COUNTRY_4D48,2023-09-01,2023-05-01
1324,BRAND_D786_COUNTRY_4D48,2023-10-01,2023-05-01
1325,BRAND_D786_COUNTRY_4D48,2023-11-01,2023-05-01
1326,BRAND_D786_COUNTRY_4D48,2023-12-01,2023-05-01
1327,BRAND_D786_COUNTRY_53A5,2023-01-01,2022-07-01
1328,BRAND_D786_COUNTRY_53A5,2023-02-01,2022-07-01
1329,BRAND_D786_COUNTRY_53A5,2023-03-01,2022-07-01
1330,BRAND_D786_COUNTRY_53A5,2023-04-01,2022-07-01
1331,BRAND_D786_COUNTRY_53A5,2023-05-01,2022-07-01
1332,BRAND_D786_COUNTRY_53A5,2023-06-01,2022-07-01
1333,BRAND_D786_COUNTRY_53A5,2023-07-01,2022-07-01
1334,BRAND_D786_COUNTRY_53A5,2023-08-01,2022-07-01
1335,BRAND_D786_COUNTRY_53A5,2023-09-01,2022-07-01
1336,BRAND_D786_COUNTRY_53A5,2023-10-01,2022-07-01
1337,BRAND_D786_COUNTRY_53A5,2023-11-01,2022-07-01
1338,BRAND_D786_COUNTRY_53A5,2023-12-01,2022-07-01
1339,BRAND_D786_COUNTRY_5A54,2023-01-01,2022-02-01
1340,BRAND_D786_COUNTRY_5A54,2023-02-01,2022-02-01
1341,BRAND_D786_COUNTRY_5A54,2023-03-01,2022-02-01
1342,BRAND_D786_COUNTRY_5A54,2023-04-01,2022-02-01
1343,BRAND_D786_COUNTRY_5A54,2023-05-01,2022-02-01
1344,BRAND_D786_COUNTRY_5A54,2023-06-01,2022-02-01
1345,BRAND_D786_COUNTRY_5A54,2023-07-01,2022-02-01
1346,BRAND_D786_COUNTRY_5A54,2023-08-01,2022-02-01
1347,BRAND_D786_COUNTRY_5A54,2023-09-01,2022-02-01
1348,BRAND_D786_COUNTRY_5A54,2023-10-01,2022-02-01
1349,BRAND_D786_COUNTRY_5A54,2023-11-01,2022-02-01
1350,BRAND_D786_COUNTRY_5A54,2023-12-01,2022-02-01
1351,BRAND_D786_COUNTRY_9891,2023-09-01,2023-09-01
1352,BRAND_D786_COUNTRY_9891,2023-10-01,2023-09-01
1353,BRAND_D786_COUNTRY_9891,2023-11-01,2023-09-01
1354,BRAND_D786_COUNTRY_9891,2023-12-01,2023-09-01
1355,BRAND_D786_COUNTRY_D8B0,2023-08-01,2023-08-01
1356,BRAND_D786_COUNTRY_D8B0,2023-09-01,2023-08-01
1357,BRAND_D786_COUNTRY_D8B0,2023-10-01,2023-08-01
1358,BRAND_D786_COUNTRY_D8B0,2023-11-01,2023-08-01
1359,BRAND_D786_COUNTRY_D8B0,2023-12-01,2023-08-01
1360,BRAND_DB5A_COUNTRY_1007,2023-09-01,2023-09-01
1361,BRAND_DB5A_COUNTRY_1007,2023-10-01,2023-09-01
1362,BRAND_DB5A_COUNTRY_1007,2023-11-01,2023-09-01
1363,BRAND_DB5A_COUNTRY_1007,2023-12-01,2023-09-01
1364,BRAND_DB5A_COUNTRY_3AD0,2023-09-01,2023-09-01
1365,BRAND_DB5A_COUNTRY_3AD0,2023-10-01,2023-09-01
1366,BRAND_DB5A_COUNTRY_3AD0,2023-11-01,2023-09-01
1367,BRAND_DB5A_COUNTRY_3AD0,2023-12-01,2023-09-01
1368,BRAND_DB5A_COUNTRY_9488,2023-11-01,2023-11-01
1369,BRAND_DB5A_COUNTRY_9488,2023-12-01,2023-11-01
1370,BRAND_E57A_COUNTRY_0309,2023-01-01,2022-07-01
1371,BRAND_E57A_COUNTRY_0309,2023-02-01,2022-07-01
1372,BRAND_E57A_COUNTRY_0309,2023-03-01,2022-07-01
1373,BRAND_E57A_COUNTRY_0309,2023-04-01,2022-07-01
1374,BRAND_E57A_COUNTRY_0309,2023-05-01,2022-07-01
1375,BRAND_E57A_COUNTRY_0309,2023-06-01,2022-07-01
1376,BRAND_E57A_COUNTRY_0309,2023-07-01,2022-07-01
1377,BRAND_E57A_COUNTRY_0309,2023-08-01,2022-07-01
1378,BRAND_E57A_COUNTRY_0309,2023-09-01,2022-07-01
1379,BRAND_E57A_COUNTRY_0309,2023-10-01,2022-07-01
1380,BRAND_E57A_COUNTRY_0309,2023-11-01,2022-07-01
1381,BRAND_E57A_COUNTRY_0309,2023-12-01,2022-07-01
1382,BRAND_E57A_COUNTRY_06E4,2023-01-01,2022-02-01
1383,BRAND_E57A_COUNTRY_06E4,2023-02-01,2022-02-01
1384,BRAND_E57A_COUNTRY_06E4,2023-03-01,2022-02-01
1385,BRAND_E57A_COUNTRY_06E4,2023-04-01,2022-02-01
1386,BRAND_E57A_COUNTRY_06E4,2023-05-01,2022-02-01
1387,BRAND_E57A_COUNTRY_06E4,2023-06-01,2022-02-01
1388,BRAND_E57A_COUNTRY_06E4,2023-07-01,2022-02-01
1389,BRAND_E57A_COUNTRY_06E4,2023-08-01,2022-02-01
1390,BRAND_E57A_COUNTRY_06E4,2023-09-01,2022-02-01
1391,BRAND_E57A_COUNTRY_06E4,2023-10-01,2022-02-01
1392,BRAND_E57A_COUNTRY_06E4,2023-11-01,2022-02-01
1393,BRAND_E57A_COUNTRY_06E4,2023-12-01,2022-02-01
1394,BRAND_E57A_COUNTRY_0C7D,2023-01-01,2022-03-01
1395,BRAND_E57A_COUNTRY_0C7D,2023-02-01,2022-03-01
1396,BRAND_E57A_COUNTRY_0C7D,2023-03-01,2022-03-01
1397,BRAND_E57A_COUNTRY_0C7D,2023-04-01,2022-03-01
1398,BRAND_E57A_COUNTRY_0C7D,2023-05-01,2022-03-01
1399,BRAND_E57A_COUNTRY_0C7D,2023-06-01,2022-03-01
1400,BRAND_E57A_COUNTRY_0C7D,2023-07-01,2022-03-01
1401,BRAND_E57A_COUNTRY_0C7D,2023-08-01,2022-03-01
1402,BRAND_E57A_COUNTRY_0C7D,2023-09-01,2022-03-01
1403,BRAND_E57A_COUNTRY_0C7D,2023-10-01,2022-03-01
1404,BRAND_E57A_COUNTRY_0C7D,2023-11-01,2022-03-01
1405,BRAND_E57A_COUNTRY_0C7D,2023-12-01,2022-03-01
1406,BRAND_E57A_COUNTRY_1007,2023-10-01,2023-10-01
1407,BRAND_E57A_COUNTRY_1007,2023-11-01,2023-10-01
1408,BRAND_E57A_COUNTRY_1007,2023-12-01,2023-10-01
1409,BRAND_E57A_COUNTRY_3AD0,2023-01-01,2022-01-01
1410,BRAND_E57A_COUNTRY_3AD0,2023-02-01,2022-01-01
1411,BRAND_E57A_COUNTRY_3AD0,2023-03-01,2022-01-01
1412,BRAND_E57A_COUNTRY_3AD0,2023-04-01,2022-01-01
1413,BRAND_E57A_COUNTRY_3AD0,2023-05-01,2022-01-01
1414,BRAND_E57A_COUNTRY_3AD0,2023-06-01,2022-01-01
1415,BRAND_E57A_COUNTRY_3AD0,2023-07-01,2022-01-01
1416,BRAND_E57A_COUNTRY_3AD0,2023-08-01,2022-01-01
1417,BRAND_E57A_COUNTRY_3AD0,2023-09-01,2022-01-01
1418,BRAND_E57A_COUNTRY_3AD0,2023-10-01,2022-01-01
1419,BRAND_E57A_COUNTRY_3AD0,2023-11-01,2022-01-01
1420,BRAND_E57A_COUNTRY_3AD0,2023-12-01,2022-01-01
1421,BRAND_E57A_COUNTRY_458E,2023-01-01,2022-10-01
1422,BRAND_E57A_COUNTRY_458E,2023-02-01,2022-10-01
1423,BRAND_E57A_COUNTRY_458E,2023-03-01,2022-10-01
1424,BRAND_E57A_COUNTRY_458E,2023-04-01,2022-10-01
1425,BRAND_E57A_COUNTRY_458E,2023-05-01,2022-10-01
1426,BRAND_E57A_COUNTRY_458E,2023-06-01,2022-10-01
1427,BRAND_E57A_COUNTRY_458E,2023-07-01,2022-10-01
1428,BRAND_E57A_COUNTRY_458E,2023-08-01,2022-10-01
1429,BRAND_E57A_COUNTRY_458E,2023-09-01,2022-10-01
1430,BRAND_E57A_COUNTRY_458E,2023-10-01,2022-10-01
1431,BRAND_E57A_COUNTRY_458E,2023-11-01,2022-10-01
1432,BRAND_E57A_COUNTRY_458E,2023-12-01,2022-10-01
1433,BRAND_E57A_COUNTRY_4D48,2023-01-01,2022-12-01
1434,BRAND_E57A_COUNTRY_4D48,2023-02-01,2022-12-01
1435,BRAND_E57A_COUNTRY_4D48,2023-03-01,2022-12-01
1436,BRAND_E57A_COUNTRY_4D48,2023-04-01,2022-12-01
1437,BRAND_E57A_COUNTRY_4D48,2023-05-01,2022-12-01
1438,BRAND_E57A_COUNTRY_4D48,2023-06-01,2022-12-01
1439,BRAND_E57A_COUNTRY_4D48,2023-07-01,2022-12-01
1440,BRAND_E57A_COUNTRY_4D48,2023-08-01,2022-12-01
1441,BRAND_E57A_COUNTRY_4D48,2023-09-01,2022-12-01
1442,BRAND_E57A_COUNTRY_4D48,2023-10-01,2022-12-01
1443,BRAND_E57A_COUNTRY_4D48,2023-11-01,2022-12-01
1444,BRAND_E57A_COUNTRY_4D48,2023-12-01,2022-12-01
1445,BRAND_E57A_COUNTRY_5180,2023-01-01,2022-04-01
1446,BRAND_E57A_COUNTRY_5180,2023-02-01,2022-04-01
1447,BRAND_E57A_COUNTRY_5180,2023-03-01,2022-04-01
1448,BRAND_E57A_COUNTRY_5180,2023-04-01,2022-04-01
1449,BRAND_E57A_COUNTRY_5180,2023-05-01,2022-04-01
1450,BRAND_E57A_COUNTRY_5180,2023-06-01,2022-04-01
1451,BRAND_E57A_COUNTRY_5180,2023-07-01,2022-04-01
1452,BRAND_E57A_COUNTRY_5180,2023-08-01,2022-04-01
1453,BRAND_E57A_COUNTRY_5180,2023-09-01,2022-04-01
1454,BRAND_E57A_COUNTRY_5180,2023-10-01,2022-04-01
1455,BRAND_E57A_COUNTRY_5180,2023-11-01,2022-04-01
1456,BRAND_E57A_COUNTRY_5180,2023-12-01,2022-04-01
1457,BRAND_E57A_COUNTRY_53A5,2023-01-01,2022-03-01
1458,BRAND_E57A_COUNTRY_53A5,2023-02-01,2022-03-01
1459,BRAND_E57A_COUNTRY_53A5,2023-03-01,2022-03-01
1460,BRAND_E57A_COUNTRY_53A5,2023-04-01,2022-03-01
1461,BRAND_E57A_COUNTRY_53A5,2023-05-01,2022-03-01
1462,BRAND_E57A_COUNTRY_53A5,2023-06-01,2022-03-01
1463,BRAND_E57A_COUNTRY_53A5,2023-07-01,2022-03-01
1464,BRAND_E57A_COUNTRY_53A5,2023-08-01,2022-03-01
1465,BRAND_E57A_COUNTRY_53A5,2023-09-01,2022-03-01
1466,BRAND_E57A_COUNTRY_53A5,2023-10-01,2022-03-01
1467,BRAND_E57A_COUNTRY_53A5,2023-11-01,2022-03-01
1468,BRAND_E57A_COUNTRY_53A5,2023-12-01,2022-03-01
1469,BRAND_E57A_COUNTRY_6C16,2023-01-01,2022-09-01
1470,BRAND_E57A_COUNTRY_6C16,2023-02-01,2022-09-01
1471,BRAND_E57A_COUNTRY_6C16,2023-03-01,2022-09-01
1472,BRAND_E57A_COUNTRY_6C16,2023-04-01,2022-09-01
1473,BRAND_E57A_COUNTRY_6C16,2023-05-01,2022-09-01
1474,BRAND_E57A_COUNTRY_6C16,2023-06-01,2022-09-01
1475,BRAND_E57A_COUNTRY_6C16,2023-07-01,2022-09-01
1476,BRAND_E57A_COUNTRY_6C16,2023-08-01,2022-09-01
1477,BRAND_E57A_COUNTRY_6C16,2023-09-01,2022-09-01
1478,BRAND_E57A_COUNTRY_6C16,2023-10-01,2022-09-01
1479,BRAND_E57A_COUNTRY_6C16,2023-11-01,2022-09-01
1480,BRAND_E57A_COUNTRY_6C16,2023-12-01,2022-09-01
1481,BRAND_E57A_COUNTRY_6F78,2023-01-01,2022-04-01
1482,BRAND_E57A_COUNTRY_6F78,2023-02-01,2022-04-01
1483,BRAND_E57A_COUNTRY_6F78,2023-03-01,2022-04-01
1484,BRAND_E57A_COUNTRY_6F78,2023-04-01,2022-04-01
1485,BRAND_E57A_COUNTRY_6F78,2023-05-01,2022-04-01
1486,BRAND_E57A_COUNTRY_6F78,2023-06-01,2022-04-01
1487,BRAND_E57A_COUNTRY_6F78,2023-07-01,2022-04-01
1488,BRAND_E57A_COUNTRY_6F78,2023-08-01,2022-04-01
1489,BRAND_E57A_COUNTRY_6F78,2023-09-01,2022-04-01
1490,BRAND_E57A_COUNTRY_6F78,2023-10-01,2022-04-01
1491,BRAND_E57A_COUNTRY_6F78,2023-11-01,2022-04-01
1492,BRAND_E57A_COUNTRY_6F78,2023-12-01,2022-04-01
1493,BRAND_E57A_COUNTRY_88A3,2023-01-01,2022-09-01
1494,BRAND_E57A_COUNTRY_88A3,2023-02-01,2022-09-01
1495,BRAND_E57A_COUNTRY_88A3,2023-03-01,2022-09-01
1496,BRAND_E57A_COUNTRY_88A3,2023-04-01,2022-09-01
1497,BRAND_E57A_COUNTRY_88A3,2023-05-01,2022-09-01
1498,BRAND_E57A_COUNTRY_88A3,2023-06-01,2022-09-01
1499,BRAND_E57A_COUNTRY_88A3,2023-07-01,2022-09-01
1500,BRAND_E57A_COUNTRY_88A3,2023-08-01,2022-09-01
1501,BRAND_E57A_COUNTRY_88A3,2023-09-01,2022-09-01
1502,BRAND_E57A_COUNTRY_88A3,2023-10-01,2022-09-01
1503,BRAND_E57A_COUNTRY_88A3,2023-11-01,2022-09-01
1504,BRAND_E57A_COUNTRY_88A3,2023-12-01,2022-09-01
1505,BRAND_E57A_COUNTRY_8B47,2023-03-01,2023-03-01
1506,BRAND_E57A_COUNTRY_8B47,2023-04-01,2023-03-01
1507,BRAND_E57A_COUNTRY_8B47,2023-05-01,2023-03-01
1508,BRAND_E57A_COUNTRY_8B47,2023-06-01,2023-03-01
1509,BRAND_E57A_COUNTRY_8B47,2023-07-01,2023-03-01
1510,BRAND_E57A_COUNTRY_8B47,2023-08-01,2023-03-01
1511,BRAND_E57A_COUNTRY_8B47,2023-09-01,2023-03-01
1512,BRAND_E57A_COUNTRY_8B47,2023-10-01,2023-03-01
1513,BRAND_E57A_COUNTRY_8B47,2023-11-01,2023-03-01
1514,BRAND_E57A_COUNTRY_8B47,2023-12-01,2023-03-01
1515,BRAND_E57A_COUNTRY_9488,2023-04-01,2023-04-01
1516,BRAND_E57A_COUNTRY_9488,2023-05-01,2023-04-01
1517,BRAND_E57A_COUNTRY_9488,2023-06-01,2023-04-01
1518,BRAND_E57A_COUNTRY_9488,2023-07-01,2023-04-01
1519,BRAND_E57A_COUNTRY_9488,2023-08-01,2023-04-01
1520,BRAND_E57A_COUNTRY_9488,2023-09-01,2023-04-01
1521,BRAND_E57A_COUNTRY_9488,2023-10-01,2023-04-01
1522,BRAND_E57A_COUNTRY_9488,2023-11-01,2023-04-01
1523,BRAND_E57A_COUNTRY_9488,2023-12-01,2023-04-01
1524,BRAND_E57A_COUNTRY_9891,2023-01-01,2022-02-01
1525,BRAND_E57A_COUNTRY_9891,2023-02-01,2022-02-01
1526,BRAND_E57A_COUNTRY_9891,2023-03-01,2022-02-01
1527,BRAND_E57A_COUNTRY_9891,2023-04-01,2022-02-01
1528,BRAND_E57A_COUNTRY_9891,2023-05-01,2022-02-01
1529,BRAND_E57A_COUNTRY_9891,2023-06-01,2022-02-01
1530,BRAND_E57A_COUNTRY_9891,2023-07-01,2022-02-01
1531,BRAND_E57A_COUNTRY_9891,2023-08-01,2022-02-01
1532,BRAND_E57A_COUNTRY_9891,2023-09-01,2022-02-01
1533,BRAND_E57A_COUNTRY_9891,2023-10-01,2022-02-01
1534,BRAND_E57A_COUNTRY_9891,2023-11-01,2022-02-01
1535,BRAND_E57A_COUNTRY_9891,2023-12-01,2022-02-01
1536,BRAND_E57A_COUNTRY_D5B9,2023-01-01,2022-01-01
1537,BRAND_E57A_COUNTRY_D5B9,2023-02-01,2022-01-01
1538,BRAND_E57A_COUNTRY_D5B9,2023-03-01,2022-01-01
1539,BRAND_E57A_COUNTRY_D5B9,2023-04-01,2022-01-01
1540,BRAND_E57A_COUNTRY_D5B9,2023-05-01,2022-01-01
1541,BRAND_E57A_COUNTRY_D5B9,2023-06-01,2022-01-01
1542,BRAND_E57A_COUNTRY_D5B9,2023-07-01,2022-01-01
1543,BRAND_E57A_COUNTRY_D5B9,2023-08-01,2022-01-01
1544,BRAND_E57A_COUNTRY_D5B9,2023-09-01,2022-01-01
1545,BRAND_E57A_COUNTRY_D5B9,2023-10-01,2022-01-01
1546,BRAND_E57A_COUNTRY_D5B9,2023-11-01,2022-01-01
1547,BRAND_E57A_COUNTRY_D5B9,2023-12-01,2022-01-01
1548,BRAND_E57A_COUNTRY_EA71,2023-01-01,2022-10-01
1549,BRAND_E57A_COUNTRY_EA71,2023-02-01,2022-10-01
1550,BRAND_E57A_COUNTRY_EA71,2023-03-01,2022-10-01
1551,BRAND_E57A_COUNTRY_EA71,2023-04-01,2022-10-01
1552,BRAND_E57A_COUNTRY_EA71,2023-05-01,2022-10-01
1553,BRAND_E57A_COUNTRY_EA71,2023-06-01,2022-10-01
1554,BRAND_E57A_COUNTRY_EA71,2023-07-01,2022-10-01
1555,BRAND_E57A_COUNTRY_EA71,2023-08-01,2022-10-01
1556,BRAND_E57A_COUNTRY_EA71,2023-09-01,2022-10-01
1557,BRAND_E57A_COUNTRY_EA71,2023-10-01,2022-10-01
1558,BRAND_E57A_COUNTRY_EA71,2023-11-01,2022-10-01
1559,BRAND_E57A_COUNTRY_EA71,2023-12-01,2022-10-01
1560,BRAND_E9AB_COUNTRY_5A54,2023-01-01,2022-11-01
1561,BRAND_E9AB_COUNTRY_5A54,2023-02-01,2022-11-01
1562,BRAND_E9AB_COUNTRY_5A54,2023-03-01,2022-11-01
1563,BRAND_E9AB_COUNTRY_5A54,2023-04-01,2022-11-01
1564,BRAND_E9AB_COUNTRY_5A54,2023-05-01,2022-11-01
1565,BRAND_E9AB_COUNTRY_5A54,2023-06-01,2022-11-01
1566,BRAND_E9AB_COUNTRY_5A54,2023-07-01,2022-11-01
1567,BRAND_E9AB_COUNTRY_5A54,2023-08-01,2022-11-01
1568,BRAND_E9AB_COUNTRY_5A54,2023-09-01,2022-11-01
1569,BRAND_E9AB_COUNTRY_5A54,2023-10-01,2022-11-01
1570,BRAND_E9AB_COUNTRY_5A54,2023-11-01,2022-11-01
1571,BRAND_E9AB_COUNTRY_5A54,2023-12-01,2022-11-01
1572,BRAND_E9AB_COUNTRY_8DBB,2023-08-01,2023-08-01
1573,BRAND_E9AB_COUNTRY_8DBB,2023-09-01,2023-08-01
1574,BRAND_E9AB_COUNTRY_8DBB,2023-10-01,2023-08-01
1575,BRAND_E9AB_COUNTRY_8DBB,2023-11-01,2023-08-01
1576,BRAND_E9AB_COUNTRY_8DBB,2023-12-01,2023-08-01
1577,BRAND_E9AB_COUNTRY_C89B,2023-08-01,2023-08-01
1578,BRAND_E9AB_COUNTRY_C89B,2023-09-01,2023-08-01
1579,BRAND_E9AB_COUNTRY_C89B,2023-10-01,2023-08-01
1580,BRAND_E9AB_COUNTRY_C89B,2023-11-01,2023-08-01
1581,BRAND_E9AB_COUNTRY_C89B,2023-12-01,2023-08-01
1582,BRAND_ED43_COUNTRY_7D31,2023-01-01,2022-10-01
1583,BRAND_ED43_COUNTRY_7D31,2023-02-01,2022-10-01
1584,BRAND_ED43_COUNTRY_7D31,2023-03-01,2022-10-01
1585,BRAND_ED43_COUNTRY_7D31,2023-04-01,2022-10-01
1586,BRAND_ED43_COUNTRY_7D31,2023-05-01,2022-10-01
1587,BRAND_ED43_COUNTRY_7D31,2023-06-01,2022-10-01
1588,BRAND_ED43_COUNTRY_7D31,2023-07-01,2022-10-01
1589,BRAND_ED43_COUNTRY_7D31,2023-08-01,2022-10-01
1590,BRAND_ED43_COUNTRY_7D31,2023-09-01,2022-10-01
1591,BRAND_ED43_COUNTRY_7D31,2023-10-01,2022-10-01
1592,BRAND_ED43_COUNTRY_7D31,2023-11-01,2022-10-01
1593,BRAND_ED43_COUNTRY_7D31,2023-12-01,2022-10-01
1594,BRAND_F649_COUNTRY_1033,2023-01-01,2022-02-01
1595,BRAND_F649_COUNTRY_1033,2023-02-01,2022-02-01
1596,BRAND_F649_COUNTRY_1033,2023-03-01,2022-02-01
1597,BRAND_F649_COUNTRY_1033,2023-04-01,2022-02-01
1598,BRAND_F649_COUNTRY_1033,2023-05-01,2022-02-01
1599,BRAND_F649_COUNTRY_1033,2023-06-01,2022-02-01
1600,BRAND_F649_COUNTRY_1033,2023-07-01,2022-02-01
1601,BRAND_F649_COUNTRY_1033,2023-08-01,2022-02-01
1602,BRAND_F649_COUNTRY_1033,2023-09-01,2022-02-01
1603,BRAND_F649_COUNTRY_1033,2023-10-01,2022-02-01
1604,BRAND_F649_COUNTRY_1033,2023-11-01,2022-02-01
1605,BRAND_F649_COUNTRY_1033,2023-12-01,2022-02-01
1606,BRAND_F649_COUNTRY_221C,2023-06-01,2023-06-01
1607,BRAND_F649_COUNTRY_221C,2023-07-01,2023-06-01
1608,BRAND_F649_COUNTRY_221C,2023-08-01,2023-06-01
1609,BRAND_F649_COUNTRY_221C,2023-09-01,2023-06-01
1610,BRAND_F649_COUNTRY_221C,2023-10-01,2023-06-01
1611,BRAND_F649_COUNTRY_221C,2023-11-01,2023-06-01
1612,BRAND_F649_COUNTRY_221C,2023-12-01,2023-06-01
1613,BRAND_F649_COUNTRY_2E65,2023-01-01,2022-02-01
1614,BRAND_F649_COUNTRY_2E65,2023-02-01,2022-02-01
1615,BRAND_F649_COUNTRY_2E65,2023-03-01,2022-02-01
1616,BRAND_F649_COUNTRY_2E65,2023-04-01,2022-02-01
1617,BRAND_F649_COUNTRY_2E65,2023-05-01,2022-02-01
1618,BRAND_F649_COUNTRY_2E65,2023-06-01,2022-02-01
1619,BRAND_F649_COUNTRY_2E65,2023-07-01,2022-02-01
1620,BRAND_F649_COUNTRY_2E65,2023-08-01,2022-02-01
1621,BRAND_F649_COUNTRY_2E65,2023-09-01,2022-02-01
1622,BRAND_F649_COUNTRY_2E65,2023-10-01,2022-02-01
1623,BRAND_F649_COUNTRY_2E65,2023-11-01,2022-02-01
1624,BRAND_F649_COUNTRY_2E65,2023-12-01,2022-02-01
1625,BRAND_F649_COUNTRY_4D48,2023-01-01,2022-11-01
1626,BRAND_F649_COUNTRY_4D48,2023-02-01,2022-11-01
1627,BRAND_F649_COUNTRY_4D48,2023-03-01,2022-11-01
1628,BRAND_F649_COUNTRY_4D48,2023-04-01,2022-11-01
1629,BRAND_F649_COUNTRY_4D48,2023-05-01,2022-11-01
1630,BRAND_F649_COUNTRY_4D48,2023-06-01,2022-11-01
1631,BRAND_F649_COUNTRY_4D48,2023-07-01,2022-11-01
1632,BRAND_F649_COUNTRY_4D48,2023-08-01,2022-11-01
1633,BRAND_F649_COUNTRY_4D48,2023-09-01,2022-11-01
1634,BRAND_F649_COUNTRY_4D48,2023-10-01,2022-11-01
1635,BRAND_F649_COUNTRY_4D48,2023-11-01,2022-11-01
1636,BRAND_F649_COUNTRY_4D48,2023-12-01,2022-11-01
1637,BRAND_F649_COUNTRY_5180,2023-01-01,2022-03-01
1638,BRAND_F649_COUNTRY_5180,2023-02-01,2022-03-01
1639,BRAND_F649_COUNTRY_5180,2023-03-01,2022-03-01
1640,BRAND_F649_COUNTRY_5180,2023-04-01,2022-03-01
1641,BRAND_F649_COUNTRY_5180,2023-05-01,2022-03-01
1642,BRAND_F649_COUNTRY_5180,2023-06-01,2022-03-01
1643,BRAND_F649_COUNTRY_5180,2023-07-01,2022-03-01
1644,BRAND_F649_COUNTRY_5180,2023-08-01,2022-03-01
1645,BRAND_F649_COUNTRY_5180,2023-09-01,2022-03-01
1646,BRAND_F649_COUNTRY_5180,2023-10-01,2022-03-01
1647,BRAND_F649_COUNTRY_5180,2023-11-01,2022-03-01
1648,BRAND_F649_COUNTRY_5180,2023-12-01,2022-03-01
1649,BRAND_F649_COUNTRY_5A54,2023-01-01,2022-02-01
1650,BRAND_F649_COUNTRY_5A54,2023-02-01,2022-02-01
1651,BRAND_F649_COUNTRY_5A54,2023-03-01,2022-02-01
1652,BRAND_F649_COUNTRY_5A54,2023-04-01,2022-02-01
1653,BRAND_F649_COUNTRY_5A54,2023-05-01,2022-02-01
1654,BRAND_F649_COUNTRY_5A54,2023-06-01,2022-02-01
1655,BRAND_F649_COUNTRY_5A54,2023-07-01,2022-02-01
1656,BRAND_F649_COUNTRY_5A54,2023-08-01,2022-02-01
1657,BRAND_F649_COUNTRY_5A54,2023-09-01,2022-02-01
1658,BRAND_F649_COUNTRY_5A54,2023-10-01,2022-02-01
1659,BRAND_F649_COUNTRY_5A54,2023-11-01,2022-02-01
1660,BRAND_F649_COUNTRY_5A54,2023-12-01,2022-02-01
1661,BRAND_F649_COUNTRY_89F9,2023-01-01,2022-10-01
1662,BRAND_F649_COUNTRY_89F9,2023-02-01,2022-10-01
1663,BRAND_F649_COUNTRY_89F9,2023-03-01,2022-10-01
1664,BRAND_F649_COUNTRY_89F9,2023-04-01,2022-10-01
1665,BRAND_F649_COUNTRY_89F9,2023-05-01,2022-10-01
1666,BRAND_F649_COUNTRY_89F9,2023-06-01,2022-10-01
1667,BRAND_F649_COUNTRY_89F9,2023-07-01,2022-10-01
1668,BRAND_F649_COUNTRY_89F9,2023-08-01,2022-10-01
1669,BRAND_F649_COUNTRY_89F9,2023-09-01,2022-10-01
1670,BRAND_F649_COUNTRY_89F9,2023-10-01,2022-10-01
1671,BRAND_F649_COUNTRY_89F9,2023-11-01,2022-10-01
1672,BRAND_F649_COUNTRY_89F9,2023-12-01,2022-10-01
1673,BRAND_F649_COUNTRY_907E,2023-01-01,2022-05-01
1674,BRAND_F649_COUNTRY_907E,2023-02-01,2022-05-01
1675,BRAND_F649_COUNTRY_907E,2023-03-01,2022-05-01
1676,BRAND_F649_COUNTRY_907E,2023-04-01,2022-05-01
1677,BRAND_F649_COUNTRY_907E,2023-05-01,2022-05-01
1678,BRAND_F649_COUNTRY_907E,2023-06-01,2022-05-01
1679,BRAND_F649_COUNTRY_907E,2023-07-01,2022-05-01
1680,BRAND_F649_COUNTRY_907E,2023-08-01,2022-05-01
1681,BRAND_F649_COUNTRY_907E,2023-09-01,2022-05-01
1682,BRAND_F649_COUNTRY_907E,2023-10-01,2022-05-01
1683,BRAND_F649_COUNTRY_907E,2023-11-01,2022-05-01
1684,BRAND_F649_COUNTRY_907E,2023-12-01,2022-05-01
1685,BRAND_F649_COUNTRY_9488,2023-11-01,2023-11-01
1686,BRAND_F649_COUNTRY_9488,2023-12-01,2023-11-01
1687,BRAND_F649_COUNTRY_A67D,2023-01-01,2022-05-01
1688,BRAND_F649_COUNTRY_A67D,2023-02-01,2022-05-01
1689,BRAND_F649_COUNTRY_A67D,2023-03-01,2022-05-01
1690,BRAND_F649_COUNTRY_A67D,2023-04-01,2022-05-01
1691,BRAND_F649_COUNTRY_A67D,2023-05-01,2022-05-01
1692,BRAND_F649_COUNTRY_A67D,2023-06-01,2022-05-01
1693,BRAND_F649_COUNTRY_A67D,2023-07-01,2022-05-01
1694,BRAND_F649_COUNTRY_A67D,2023-08-01,2022-05-01
1695,BRAND_F649_COUNTRY_A67D,2023-09-01,2022-05-01
1696,BRAND_F649_COUNTRY_A67D,2023-10-01,2022-05-01
1697,BRAND_F649_COUNTRY_A67D,2023-11-01,2022-05-01
1698,BRAND_F649_COUNTRY_A67D,2023-12-01,2022-05-01
1699,BRAND_F649_COUNTRY_C8F4,2023-05-01,2023-05-01
1700,BRAND_F649_COUNTRY_C8F4,2023-06-01,2023-05-01
1701,BRAND_F649_COUNTRY_C8F4,2023-07-01,2023-05-01
1702,BRAND_F649_COUNTRY_C8F4,2023-08-01,2023-05-01
1703,BRAND_F649_COUNTRY_C8F4,2023-09-01,2023-05-01
1704,BRAND_F649_COUNTRY_C8F4,2023-10-01,2023-05-01
1705,BRAND_F649_COUNTRY_C8F4,2023-11-01,2023-05-01
1706,BRAND_F649_COUNTRY_C8F4,2023-12-01,2023-05-01
1707,BRAND_F649_COUNTRY_D5B9,2023-05-01,2023-05-01
1708,BRAND_F649_COUNTRY_D5B9,2023-06-01,2023-05-01
1709,BRAND_F649_COUNTRY_D5B9,2023-07-01,2023-05-01
1710,BRAND_F649_COUNTRY_D5B9,2023-08-01,2023-05-01
1711,BRAND_F649_COUNTRY_D5B9,2023-09-01,2023-05-01
1712,BRAND_F649_COUNTRY_D5B9,2023-10-01,2023-05-01
1713,BRAND_F649_COUNTRY_D5B9,2023-11-01,2023-05-01
1714,BRAND_F649_COUNTRY_D5B9,2023-12-01,2023-05-01
1715,BRAND_F649_COUNTRY_EA71,2023-01-01,2022-03-01
1716,BRAND_F649_COUNTRY_EA71,2023-02-01,2022-03-01
1717,BRAND_F649_COUNTRY_EA71,2023-03-01,2022-03-01
1718,BRAND_F649_COUNTRY_EA71,2023-04-01,2022-03-01
1719,BRAND_F649_COUNTRY_EA71,2023-05-01,2022-03-01
1720,BRAND_F649_COUNTRY_EA71,2023-06-01,2022-03-01
1721,BRAND_F649_COUNTRY_EA71,2023-07-01,2022-03-01
1722,BRAND_F649_COUNTRY_EA71,2023-08-01,2022-03-01
1723,BRAND_F649_COUNTRY_EA71,2023-09-01,2022-03-01
1724,BRAND_F649_COUNTRY_EA71,2023-10-01,2022-03-01
1725,BRAND_F649_COUNTRY_EA71,2023-11-01,2022-03-01
1726,BRAND_F649_COUNTRY_EA71,2023-12-01,2022-03-01
1727,BRAND_F649_COUNTRY_FA79,2023-01-01,2022-12-01
1728,BRAND_F649_COUNTRY_FA79,2023-02-01,2022-12-01
1729,BRAND_F649_COUNTRY_FA79,2023-03-01,2022-12-01
1730,BRAND_F649_COUNTRY_FA79,2023-04-01,2022-12-01
1731,BRAND_F649_COUNTRY_FA79,2023-05-01,2022-12-01
1732,BRAND_F649_COUNTRY_FA79,2023-06-01,2022-12-01
1733,BRAND_F649_COUNTRY_FA79,2023-07-01,2022-12-01
1734,BRAND_F649_COUNTRY_FA79,2023-08-01,2022-12-01
1735,BRAND_F649_COUNTRY_FA79,2023-09-01,2022-12-01
1736,BRAND_F649_COUNTRY_FA79,2023-10-01,2022-12-01
1737,BRAND_F649_COUNTRY_FA79,2023-11-01,2022-12-01
1738,BRAND_F649_COUNTRY_FA79,2023-12-01,2022-12-01
1739,BRAND_FB57_COUNTRY_907E,2023-01-01,2022-11-01
1740,BRAND_FB57_COUNTRY_907E,2023-02-01,2022-11-01
1741,BRAND_FB57_COUNTRY_907E,2023-03-01,2022-11-01
1742,BRAND_FB57_COUNTRY_907E,2023-04-01,2022-11-01
1743,BRAND_FB57_COUNTRY_907E,2023-05-01,2022-11-01
1744,BRAND_FB57_COUNTRY_907E,2023-06-01,2022-11-01
1745,BRAND_FB57_COUNTRY_907E,2023-07-01,2022-11-01
1746,BRAND_FB57_COUNTRY_907E,2023-08-01,2022-11-01
1747,BRAND_FB57_COUNTRY_907E,2023-09-01,2022-11-01
1748,BRAND_FB57_COUNTRY_907E,2023-10-01,2022-11-01
1749,BRAND_FB57_COUNTRY_907E,2023-11-01,2022-11-01
1750,BRAND_FB57_COUNTRY_907E,2023-12-01,2022-11-01
1751,BRAND_FB69_COUNTRY_4D48,2023-01-01,2022-10-01
1752,BRAND_FB69_COUNTRY_4D48,2023-02-01,2022-10-01
1753,BRAND_FB69_COUNTRY_4D48,2023-03-01,2022-10-01
1754,BRAND_FB69_COUNTRY_4D48,2023-04-01,2022-10-01
1755,BRAND_FB69_COUNTRY_4D48,2023-05-01,2022-10-01
1756,BRAND_FB69_COUNTRY_4D48,2023-06-01,2022-10-01
1757,BRAND_FB69_COUNTRY_4D48,2023-07-01,2022-10-01
1758,BRAND_FB69_COUNTRY_4D48,2023-08-01,2022-10-01
1759,BRAND_FB69_COUNTRY_4D48,2023-09-01,2022-10-01
1760,BRAND_FB69_COUNTRY_4D48,2023-10-01,2022-10-01
1761,BRAND_FB69_COUNTRY_4D48,2023-11-01,2022-10-01
1762,BRAND_FB69_COUNTRY_4D48,2023-12-01,2022-10-01
1763,BRAND_FEAE_COUNTRY_77DA,2023-07-01,2023-07-01
1764,BRAND_FEAE_COUNTRY_77DA,2023-08-01,2023-07-01
1765,BRAND_FEAE_COUNTRY_77DA,2023-09-01,2023-07-01
1766,BRAND_FEAE_COUNTRY_77DA,2023-10-01,2023-07-01
1767,BRAND_FEAE_COUNTRY_77DA,2023-11-01,2023-07-01
1768,BRAND_FEAE_COUNTRY_77DA,2023-12-01,2023-07-01
